Id|AirlineCode|AirlineName|AirlineFullName|AirlineType
0|0|JANET|JANET|
1|2|VIVA AEROBUS|VIVA AEROBUS|
2|0B|BLUE AIR|BLUE AIR|
3|0V|VIETNAM AIR SERVICE COMPANY|VIETNAM AIR SERVICE COMPANY|
4|1B|BH AIR|BH AIR|
5|1D|INTERLINK AIRLINES|INTERLINK AIRLINES|
6|1L|WEST AIR EXPRESS|WEST AIR EXPRESS|
7|1X|BRANSON AIR EXPRESS|BRANSON AIR EXPRESS|
8|2A|DEUTSCHE BAHN AG|DEUTSCHE BAHN AG|
9|2B|AEROCONDOR|AEROCONDOR|
10|2C|SNCF|SNCF|
11|2D|DUBROVNIK AIRLINE|DUBROVNIK AIRLINE|
12|2E|SMOKEY BAY AIR|SMOKEY BAY AIR|
13|2F|FRONTIER FLYING SERVICE|FRONTIER FLYING SERVICE|
14|2H|THALYS|THALYS|
15|2I|STAR PERU|STAR PERU|
16|2J|AIR BURKINA|AIR BURKINA|
17|2K|AEROGAL AEROLINEAS GALAPAGOS|AEROGAL AEROLINEAS GALAPAGOS|
18|2L|HELVETIC AIRWAYS|HELVETIC AIRWAYS|
19|2M|MOLDAVIAN AIRLINES|MOLDAVIAN AIRLINES|
20|2N|NEXTJET|NEXTJET|
21|2O|ALASKA AIR|ALASKA AIR|
22|2P|AIR PHILIPPINES|AIR PHILIPPINES|
23|2Q|AVITRANS NORDIC|AVITRANS NORDIC|
24|2R|VIA RAIL CANADA|VIA RAIL CANADA|
25|2S|STAR EQUATORIAL AIRLINES|STAR EQUATORIAL AIRLINES|
26|2T|TULPAR AVIA SERVICE|TULPAR AVIA SERVICE|
27|2U|SUN D’OR INTERNATIONAL AIRLINES|SUN D’OR INTERNATIONAL AIRLINES|
28|2V|AMTRAK|AMTRAK|
29|2W|WELCOME AIR|WELCOME AIR|
30|3A|ALLIANCE AIRLINES/KENOSHA AERO|ALLIANCE AIRLINES/KENOSHA AERO|
31|3B|JOB AIR|JOB AIR|
32|3C|CAMAI AIR|CAMAI AIR|
33|3D|DENIM AIR|DENIM AIR|
34|3E|AIR CHOICE ONE|AIR CHOICE ONE|
35|3F|PACIFIC AIRWAYS|PACIFIC AIRWAYS|
36|3H|AIR INUIT|AIR INUIT|
37|3J|AIR ALLIANCE|AIR ALLIANCE|
38|3K|JETSTAR ASIA|JETSTAR ASIA|
39|3L|INTERSKY|INTERSKY|
40|3M|GULFSTREAM INTERNATIONAL|GULFSTREAM INTERNATIONAL|
41|3N|AIR URGA|AIR URGA|
42|3O|AIR ARABIA MAROC|AIR ARABIA MAROC|
43|3P|TIARA AIR|TIARA AIR|
44|3Q|YUNNAN AIRLINES|YUNNAN AIRLINES|
45|3R|MOSKOVIA AIRLINES|MOSKOVIA AIRLINES|
46|3S|AIR ANTILLES EXPRESS|AIR ANTILLES EXPRESS|
47|3T|TURAN AIR|TURAN AIR|
48|3U|SICHUAN AIRLINES|SICHUAN AIRLINES|
49|3V|TNT AIRWAYS|TNT AIRWAYS|
50|3X|JAPAN AIR COMMUTER|JAPAN AIR COMMUTER|
51|3Y|KARTIKA AIRLINES|KARTIKA AIRLINES|
52|3Z|EVERTS AIR/TATONDUK OUTFITTERS|EVERTS AIR/TATONDUK OUTFITTERS|
53|43|GOTLANDSFLYG|GOTLANDSFLYG|
54|4A|AIR KIRIBATI|AIR KIRIBATI|
55|4B|BOUTIQUE AIR|BOUTIQUE AIR|
56|4C|AIRES|AIRES|
57|4D|AIR SINAI|AIR SINAI|
58|4E|TANANA AIR SERVICE|TANANA AIR SERVICE|
59|4F|AIR-CITY|AIR-CITY|
60|4G|GAZPROMAVIA|GAZPROMAVIA|
61|4H|UNITED AIRWAYS (BANGLADESH)|UNITED AIRWAYS (BANGLADESH)|
62|4I|IZAIR|IZAIR|
63|4J|SOMON AIR|SOMON AIR|
64|4K|KENN BOREK AIR|KENN BOREK AIR|
65|4L|GEORGIAN INTL AIRLINES|GEORGIAN INTL AIRLINES|
66|4M|LAN ARGENTINA|LAN ARGENTINA|
67|4N|AIR NORTH|AIR NORTH|
68|4O|INTERJET|INTERJET|
69|4P|VIKING AIRLINES|VIKING AIRLINES|
70|4Q|SAFI AIRWAYS|SAFI AIRWAYS|
71|4R|HI HAMBURG INTERNATIONAL|HI HAMBURG INTERNATIONAL|
72|4S|EAST WEST TRAVEL TRADE LINKS LTD|EAST WEST TRAVEL TRADE LINKS LTD|
73|4T|BELAIR|BELAIR|
74|4U|GERMANWINGS|GERMANWINGS|
75|4V|VAYAGEUR AIRWAYS|VAYAGEUR AIRWAYS|
76|4W|WARBELOW'S AIR VENTURES|WARBELOW'S AIR VENTURES|
77|4Y|BLUE LINE|BLUE LINE|
78|4Z|SA AIRLINK|SA AIRLINK|
79|5A|ALPINE AVIATION|ALPINE AVIATION|
80|5B|CHANCHANGI AIRLINES|CHANCHANGI AIRLINES|
81|5C|TRAVELAIR|TRAVELAIR|
82|5D|AEROLITORAL S.A. DE C.V|AEROLITORAL S.A. DE C.V|
83|5E|EQUAFLIGHT SERVICE|EQUAFLIGHT SERVICE|
84|5F|ARCTIC CIRCLE AIR|ARCTIC CIRCLE AIR|
85|5H|FIVE FOURTY AVIATION LTD|FIVE FOURTY AVIATION LTD|
86|5J|CEBU PACIFIC AIR|CEBU PACIFIC AIR|
87|5K|ODESSA AIRLINES|ODESSA AIRLINES|
88|5L|AEROSUR|AEROSUR|
89|5M|FLYMONTSERRAT|FLYMONTSERRAT|
90|5N|NORDAVIA RA|NORDAVIA RA|
91|5O|EUROPE AIRPOST|EUROPE AIRPOST|
92|5P|PAL AIRLINES|PAL AIRLINES|
93|5Q|BQB LÍNEAS AÉREAS|BQB LÍNEAS AÉREAS|
94|5R|AIS AERO|AIS AERO|
95|5S|SERVICIOS AEREOS PROFESIONALES|SERVICIOS AEREOS PROFESIONALES|
96|5T|CANADIAN NORTH/AIR NORTERRA INC|CANADIAN NORTH/AIR NORTERRA INC|
97|5U|LADE LINEAS AEREAS DEL ESTADO|LADE LINEAS AEREAS DEL ESTADO|
98|5V|LVIV AIRLINES|LVIV AIRLINES|
99|5W|FLYSTAR ASTRAEUS|FLYSTAR ASTRAEUS|
100|5X|UNITED PARCEL SERVICE AIRLINES|UNITED PARCEL SERVICE AIRLINES|
101|5Y|ATLAS AIR|ATLAS AIR|
102|5Z|GONINI AIR SERV|GONINI AIR SERV|
103|6A|AVIACSA|AVIACSA|
104|6B|TUIFLY NORDIC|TUIFLY NORDIC|
105|6C|CAPE SMYTHE AIR SERVICE|CAPE SMYTHE AIR SERVICE|
106|6D|PELITA AIR SERVICE|PELITA AIR SERVICE|
107|6E|INDIGO AIRLINES|INDIGO AIRLINES|
108|6F|AEROTRANS AIRLINES LTD|AEROTRANS AIRLINES LTD|
109|6G|AIR WALES|AIR WALES|
110|6H|ISRAIR AIRLINES|ISRAIR AIRLINES|
111|6J|JUBBA AIRWAYS|JUBBA AIRWAYS|
112|6K|ASIAN SPIRIT|ASIAN SPIRIT|
113|6L|AKLAK AIR|AKLAK AIR|
114|6M|EUROAIR LTD|EUROAIR LTD|
115|6N|NORDIC REGIONAL|NORDIC REGIONAL|
116|6O|AIR SATELLITE|AIR SATELLITE|
117|6P|GRYPHON AIRLINES|GRYPHON AIRLINES|
118|6Q|CHAM WINGS AIRLINES|CHAM WINGS AIRLINES|
119|6R|ALROSA MIRNY AIR ENTERPRISE|ALROSA MIRNY AIR ENTERPRISE|
120|6S|KATO AIR|KATO AIR|
121|6T|AIR MANDALAY|AIR MANDALAY|
122|6U|AIR UKRAINE|AIR UKRAINE|
123|6V|LIGNES AÉRIENNES CONGOLAISES|LIGNES AÉRIENNES CONGOLAISES|
124|6W|SARAVIA SARATOV AIRLINES|SARAVIA SARATOV AIRLINES|
125|6Y|LATCHARTER AIRLINES|LATCHARTER AIRLINES|
126|7A|AIR NEXT|AIR NEXT|
127|7B|KRAS AIR AIRLINES|KRAS AIR AIRLINES|
128|7C|JEJU AIR|JEJU AIR|
129|7D|DONBASSAERO AIRLINES|DONBASSAERO AIRLINES|
130|7E|AEROLINE GMBH|AEROLINE GMBH|
131|7F|FIRST AIR|FIRST AIR|
132|7G|STARFLYER|STARFLYER|
133|7H|CORENDON AIRLINES|CORENDON AIRLINES|
134|7I|INSEL AIR|INSEL AIR|
135|7J|TAJIK AIR|TAJIK AIR|
136|7K|KOGALYMAVIA AIRLINES|KOGALYMAVIA AIRLINES|
137|7L|AEROCARIBBEAN|AEROCARIBBEAN|
138|7M|MAYAIR S.A. DE C.V|MAYAIR S.A. DE C.V|
139|7N|INLAND AVIATION SERVICES|INLAND AVIATION SERVICES|
140|7P|BATAVIA AIR PT METRO|BATAVIA AIR PT METRO|
141|7Q|PAN AMERICAN WORLD AIRWAYS|PAN AMERICAN WORLD AIRWAYS|
142|7R|REDWING AIRWAYS|REDWING AIRWAYS|
143|7S|ARCTIC TRANSPORTATION SERVICES|ARCTIC TRANSPORTATION SERVICES|
144|7T|TRENITALIA|TRENITALIA|
145|7U|AVIAENERGO|AVIAENERGO|
146|7V|FEDERAL AIRLINES PTY LTD|FEDERAL AIRLINES PTY LTD|
147|7W|WIND ROSE AVIATION|WIND ROSE AVIATION|
148|7Y|MID AIRLINES|MID AIRLINES|
149|7Z|HALCYONAIR|HALCYONAIR|
150|8A|ATLAS BLUE|ATLAS BLUE|
151|8C|EAST STAR AIRLINES|EAST STAR AIRLINES|
152|8F|FISCHER AIR|FISCHER AIR|
153|8G|ANGEL AIRLINES|ANGEL AIRLINES|
154|8H|HIGHLAND AIRWAYS LIMITED|HIGHLAND AIRWAYS LIMITED|
155|8J|JETALL|JETALL|
156|8K|ANGEL AIRLINES SA|ANGEL AIRLINES SA|
157|8M|MYANMAR AIRWAYS INTL|MYANMAR AIRWAYS INTL|
158|8P|PACIFIC COASTAL AIRLINES LTD.|PACIFIC COASTAL AIRLINES LTD.|
159|8S|SALAIR|SALAIR|
160|8T|TRAVELAIR|TRAVELAIR|
161|8U|AFRIQIYAH AIRWAYS|AFRIQIYAH AIRWAYS|
162|8Y|AIR BURUNDI|AIR BURUNDI|
163|9A|VISA AIRWAYS PVT LTD|VISA AIRWAYS PVT LTD|
164|9B|DEUTSCHE BAHN AG|DEUTSCHE BAHN AG|
165|9C|SPRING AIRLINES|SPRING AIRLINES|
166|9D|TOUMAÏ AIR TCHAD|TOUMAÏ AIR TCHAD|
167|9E|XL AIRWAYS GERMANY|XL AIRWAYS GERMANY|
168|9F|EUROSTAR|EUROSTAR|
169|9G|PERM AIRLINES|PERM AIRLINES|
170|9H|BONAIRE EXPRESS|BONAIRE EXPRESS|
171|9J|DANA AIR|DANA AIR|
172|9K|CAPE AIR|CAPE AIR|
173|9L|COLGAN AIR|COLGAN AIR|
174|9M|CENTRAL MOUNTAIN AIR|CENTRAL MOUNTAIN AIR|
175|9N|SATENA|SATENA|
176|9P|ATLANTIC AIRLINES|ATLANTIC AIRLINES|
177|9Q|PB AIR|PB AIR|
178|9R|PHUKET AIRLINES|PHUKET AIRLINES|
179|9S|SOUTHERN AIR|SOUTHERN AIR|
180|9T|TRANSWEST AIR|TRANSWEST AIR|
181|9U|AIR MOLDOVA|AIR MOLDOVA|
182|9V|AVIOR AIRLINES|AVIOR AIRLINES|
183|9W|JET AIRWAYS (INDIA)|JET AIRWAYS (INDIA)|
184|9X|NEW AXIS AIRWAYS|NEW AXIS AIRWAYS|
185|A0|L'AVION|L'AVION|
186|A2|ASTRA AIRLINES|ASTRA AIRLINES|
187|A3|AEGEAN AIRLINES|AEGEAN AIRLINES|
188|A4|AEROCON|AEROCON|
189|A5|AIRLINAIR|AIRLINAIR|
190|A6|AIR ALPS AVIATION|AIR ALPS AVIATION|
191|A7|AIR COMET SA|AIR COMET SA|
192|A8|BENIN GOLF AIR|BENIN GOLF AIR|
193|A9|GEORGIAN AIRWAYS|GEORGIAN AIRWAYS|
194|AA|AMERICAN AIRLINES|AMERICAN AIRLINES|
195|AB|AIR BERLIN|AIR BERLIN|
196|AC|AIR CANADA|AIR CANADA|
197|AD|AZUL LINHAS AÉREAS BRASILEIRAS|AZUL LINHAS AÉREAS BRASILEIRAS|
198|AE|MANDARIN AIRLINES|MANDARIN AIRLINES|
199|AF|AIR FRANCE|AIR FRANCE|
200|AG|AIR CONTRACTORS UK|AIR CONTRACTORS UK|
201|AH|AIR ALGERIE|AIR ALGERIE|
202|AI|AIR INDIA|AIR INDIA|
203|AJ|AERO CONTRACTORS|AERO CONTRACTORS|
204|AK|AIRASIA|AIRASIA BERHAD|
205|AM|AEROMÉXICO|AEROMÉXICO|
206|AN|ANSETT AUSTRALIA|ANSETT AUSTRALIA|
207|AO|AVIANOVA LCC|AVIANOVA LCC|
208|AP|AIR ONE|AIR ONE|
209|AQ|ALOHA AIRLINES|ALOHA AIRLINES|
210|AR|AEROLINEAS ARGENTINAS S.A.|AEROLINEAS ARGENTINAS S.A.|
211|AS|ALASKA AIRLINES|ALASKA AIRLINES|
212|AT|ROYAL AIR MAROC|ROYAL AIR MAROC|
213|AU|AUSTRAL LINEAS AÉREAS|AUSTRAL LINEAS AÉREAS|
214|AV|AVIANCA|AVIANCA|
215|AW|DIRGANTARA AIR SERVICES|DIRGANTARA AIR SERVICES|
216|AX|TRANS STATES AIRLINES|TRANS STATES AIRLINES|
217|AY|FINNAIR|FINNAIR|
218|AZ|ALITALIA LINEE AEREE ITALIANE|ALITALIA LINEE AEREE ITALIANE|
219|B2|BELAVIA - BELARUSIAN AIRLINES|BELAVIA - BELARUSIAN AIRLINES|
220|B3|BELLVIEW AIRLINES|BELLVIEW AIRLINES|
221|B4|ZANAIR|ZANAIR|
222|B5|EAST AFRICAN SAFARI AIR|EAST AFRICAN SAFARI AIR|
223|B6|JETBLUE AIRWAYS|JETBLUE AIRWAYS|
224|B7|UNI AIRWAYS|UNI AIRWAYS|
225|B8|ERITREAN AIRLINES|ERITREAN AIRLINES|
226|B9|IRAN AIR TOURS|IRAN AIR TOURS|
227|BA|BRITISH AIRWAYS|BRITISH AIRWAYS|
228|BB|SEABORNES AIRLINES|SEABORNES AIRLINES|
229|BC|SKYMARK AIRLINES|SKYMARK AIRLINES|
230|BD|BMI BRITISH MIDLAND|BMI BRITISH MIDLAND|
231|BE|FLYBE|FLYBE|
232|BF|VINCENT AVIATION|VINCENT AVIATION|
233|BG|BIMAN BANGLADESH AIRLINES|BIMAN BANGLADESH AIRLINES|
234|BH|HAWKAIR AVIATION|HAWKAIR AVIATION|
235|BI|ROYAL BRUNEI AIRLINES|ROYAL BRUNEI AIRLINES|
236|BJ|NOUVELAIR TUNISIE|NOUVELAIR TUNISIE|
237|BK|POTOMAC AIR/US AIRWAYS EXPRESS|POTOMAC AIR/US AIRWAYS EXPRESS|
238|BL|JETSTAR PACIFIC AIRLINES|JETSTAR PACIFIC AIRLINES|
239|BM|BAYU INDONESIA|BAYU INDONESIA|
240|BN|BAHRAIN AIR|BAHRAIN AIR|
241|BO|BOURAQ AIRLINES|BOURAQ AIRLINES|
242|BP|AIR BOTSWANA|AIR BOTSWANA|
243|BQ|AEROMAR C. POR. A.|AEROMAR C. POR. A.|
244|BR|EVA AIRWAYS|EVA AIRWAYS|
245|BS|BRITISH INTERNATIONAL HELICOPTERS|BRITISH INTERNATIONAL HELICOPTERS|
246|BT|AIR BALTIC|AIR BALTIC|
247|BU|SAS NORGE|SAS NORGE|
248|BV|BLU-EXPRESS|BLU-EXPRESS|
249|BW|CARIBBEAN AIRWAYS|CARIBBEAN AIRWAYS|
250|BX|AIR BUSAN|AIR BUSAN|
251|BY|THOMSONFLY|THOMSONFLY|
252|BZ|BLUE BIRD AVIATION|BLUE BIRD AVIATION|
253|C0|CENTRALWINGS|CENTRALWINGS|
254|C2|AIR LUXOR STP|AIR LUXOR STP|
255|C3|CONTACT AIR|CONTACT AIR|
256|C4|ZIMEX AVIATION|ZIMEX AVIATION|
257|C5|COMMUTAIR|COMMUTAIR|
258|C6|CANJET AIRLINES|CANJET AIRLINES|
259|C7|RICO LINHAS AEREAS|RICO LINHAS AEREAS|
260|C8|CHICAGO EXPRESS AIRLINES|CHICAGO EXPRESS AIRLINES|
261|C9|CIRRUS AIRLINES|CIRRUS AIRLINES|
262|CA|AIR CHINA|AIR CHINA|
263|CB|SCOTAIRWAYS|SCOTAIRWAYS|
264|CC|MACAIR AIRLINES|MACAIR AIRLINES|
265|CD|ALLIANCE AIR|ALLIANCE AIR|
266|CE|CHALAIR AVIATION|CHALAIR AVIATION|
267|CF|CITY AIRLINE|CITY AIRLINE|
268|CG|AIRLINES OF PAPUA NEW GUINEA|AIRLINES OF PAPUA NEW GUINEA|
269|CH|BEMIDJI AIRLINES|BEMIDJI AIRLINES|
270|CI|CHINA AIRLINES|CHINA AIRLINES|
271|CJ|BA CITYFLYER|BA CITYFLYER|
272|CK|ANDESMAR LINEAS AEREAS|ANDESMAR LINEAS AEREAS|
273|CL|LUFTHANSA CITYLINE|LUFTHANSA CITYLINE|
274|CM|COPA|COPA|
275|CN|GRAND CHINA AIR|GRAND CHINA AIR|
276|CO|CONTINENTAL AIRLINES|CONTINENTAL AIRLINES|
277|CP|COMPASS AIRLINES (NORTH AMERICA)|COMPASS AIRLINES (NORTH AMERICA)|
278|CQ|CZECH CONNECT AIRLINES|CZECH CONNECT AIRLINES|
279|CS|CONTINENTAL MICRONESIA|CONTINENTAL MICRONESIA|
280|CT|ALITALIA CITYLINER SPA|ALITALIA CITYLINER SPA|
281|CU|CUBANA DE AVIACION|CUBANA DE AVIACION|
282|CV|AIR CHATHAMS|AIR CHATHAMS|
283|CW|AIR MARSHALL ISLANDS|AIR MARSHALL ISLANDS|
284|CX|CATHAY PACIFIC AIRWAYS|CATHAY PACIFIC AIRWAYS|
285|CY|CYPRUS AIRWAYS|CYPRUS AIRWAYS|
286|CZ|CHINA SOUTHERN AIRLINES|CHINA SOUTHERN AIRLINES|
287|D1|DIRECT AIR & TOURS|DIRECT AIR & TOURS|
288|D2|SEVERSTAL AIRCOMPANY|SEVERSTAL AIRCOMPANY|
289|D3|DAALLO AIRLINES|DAALLO AIRLINES|
290|D4|ALIDAUNIA|ALIDAUNIA|
291|D5|NEPC AIRLINES (A DIVISION OFNEPC MICON L|NEPC AIRLINES (A DIVISION OFNEPC MICON L|
292|D6|INTERAIR SOUTH AFRICA|INTERAIR SOUTH AFRICA|
293|D7|AIR ASIA X|AIR ASIA X|
294|D8|DJIBOUTI AIRLINES|DJIBOUTI AIRLINES|
295|D9|DONAVIA|DONAVIA|
296|DA|AIR GEORGIA|AIR GEORGIA|
297|DB|BRIT AIR|BRIT AIR|
298|DC|GOLDEN AIR|GOLDEN AIR|
299|DD|NOK AIR|NOK AIR|
300|DE|CONDOR|CONDOR|
301|DF|AEROLINEAS DE BALEARES|AEROLINEAS DE BALEARES|
302|DG|SOUTH EAST ASIAN AIRLINES|SOUTH EAST ASIAN AIRLINES|
303|DH|VOSTOK AIRLINES|VOSTOK AIRLINES|
304|DI|DIVI DIVI AIR|DIVI DIVI AIR|
305|DJ|VIRGIN BLUE|VIRGIN BLUE|
306|DK|EASTLAND AIR|EASTLAND AIR|
307|DL|DELTA AIR LINES|DELTA AIR LINES|
308|DM|STERLING BLUE|STERLING BLUE|
309|DN|SÉNÉGAL AIRLINES|SÉNÉGAL AIRLINES|
310|DO|AIR VALLEE|AIR VALLEE|
311|DP|FIRST CHOICE|FIRST CHOICE|
312|DQ|COASTAL AIR TRANSPORT|COASTAL AIR TRANSPORT|
313|DR|AIR LINK|AIR LINK|
314|DS|EASYJET SWITZERLAND|EASYJET SWITZERLAND|
315|DT|TAAG|TAAG|
316|DU|HEMUS AIR|HEMUS AIR|
317|DV|SCAT|SCAT|
318|DW|AERO-CHARTER UKRAINE|AERO-CHARTER UKRAINE|
319|DX|DANISH AIR TRANSPORT|DANISH AIR TRANSPORT|
320|DY|NORWEGIAN AIR SHUTTLE|NORWEGIAN AIR SHUTTLE|
321|E3|DOMODEDOVO AIRLINES|DOMODEDOVO AIRLINES|
322|E4|ELYSIAN AIRLINES|ELYSIAN AIRLINES|
323|E5|AIR ARABIA EGYPT|AIR ARABIA EGYPT|
324|E6|AVIAEXPRESSCRUISE AIRLINE|AVIAEXPRESSCRUISE AIRLINE|
325|E8|U.S. AFRICA AIRWAYS|U.S. AFRICA AIRWAYS|
326|E9|BOSTON MAINE AIRWAYS|BOSTON MAINE AIRWAYS|
327|EA|EUROPEAN AIR EXPRESS|EUROPEAN AIR EXPRESS|
328|EB|AIR PULLMANTUR|AIR PULLMANTUR|
329|EC|AVIALEASING AVIATION COMPANY|AVIALEASING AVIATION COMPANY|
330|ED|AIR DOMINICANA|AIR DOMINICANA|
331|EE|AERO AIRLINES A.S|AERO AIRLINES A.S|
332|EF|STRATEGIC AIRLINES|STRATEGIC AIRLINES|
333|EG|ENERJET|ENERJET|
334|EH|AIR NIPPON NETWORK|AIR NIPPON NETWORK|
335|EI|AER LINGUS IRISH AIRLINES|AER LINGUS IRISH AIRLINES|
336|EJ|NEW ENGLAND AIRLINES|NEW ENGLAND AIRLINES|
337|EK|EMIRATES|EMIRATES|
338|EL|AIR NIPPON|AIR NIPPON|
339|EM|AERO BENIN|AERO BENIN|
340|EN|AIR DOLOMITI|AIR DOLOMITI|
341|EO|HEWA BORA AIRWAYS|HEWA BORA AIRWAYS|
342|EP|IRAN ASEMAN AIRLINES|IRAN ASEMAN AIRLINES|
343|EQ|TAME|TAME|
344|ER|DHL AIRWAYS|DHL AIRWAYS|
345|ET|ETHIOPIAN AIRLINES|ETHIOPIAN AIRLINES|
346|EU|UNITED EAGLE AIRLINES|UNITED EAGLE AIRLINES|
347|EV|ATLANTIC SOUTHEAST AIRLINES|ATLANTIC SOUTHEAST AIRLINES|
348|EW|EUROWINGS|EUROWINGS|
349|EX|AIR SANTO DOMINGO|AIR SANTO DOMINGO|
350|EY|ETIHAD AIRWAYS|ETIHAD AIRWAYS|
351|EZ|SUN AIR OF SCANDINAVIA|SUN AIR OF SCANDINAVIA|
352|F4|ALBARKA AIR SERVICES|ALBARKA AIR SERVICES|
353|F5|COSMIC AIR|COSMIC AIR|
354|F6|FIRST CAMBODIA AIRLINES|FIRST CAMBODIA AIRLINES|
355|F7|DARWIN AIRLINE SA|DARWIN AIRLINE SA|
356|F8|FREEDOM AIRLINES|FREEDOM AIRLINES|
357|F9|FRONTIER AIRLINES|FRONTIER AIRLINES|
358|FA|AIRLINK AIRWAYS LIMITED|AIRLINK AIRWAYS LIMITED|
359|FB|BULGARIA AIR|BULGARIA AIR|
360|FC|FINNCOMM AIRLINES|FINNCOMM AIRLINES|
361|FD|AIRASIA|THAI AIRASIA|
362|FF|TOWER AIR|TOWER AIR|
363|FG|ARIANA AFGHAN AIRLINES|ARIANA AFGHAN AIRLINES|
364|FH|FUTURA INTERNATIONAL AIRLINES|FUTURA INTERNATIONAL AIRLINES|
365|FI|ICELANDAIR|ICELANDAIR|
366|FJ|AIR PACIFIC|AIR PACIFIC|
367|FK|KEEWATIN AIR|KEEWATIN AIR|
368|FL|AIRTRAN AIRWAYS|AIRTRAN AIRWAYS|
369|FM|SHANGHAI AIRLINES|SHANGHAI AIRLINES|
370|FN|REGIONAL AIR LINES|REGIONAL AIR LINES|
371|FO|FELIX AIRWAYS|FELIX AIRWAYS|
372|FP|FREEDOM AIR (GUAM)|FREEDOM AIR (GUAM)|
373|FQ|BRINDABELLA AIRLINES|BRINDABELLA AIRLINES|
374|FR|RYANAIR|RYANAIR|
375|FS|ITALI AIRLINES|ITALI AIRLINES|
376|FT|SIEM REAP AIRWAYS INTERNATIONAL|SIEM REAP AIRWAYS INTERNATIONAL|
377|FU|AIR LITTORAL|AIR LITTORAL|
378|FV|ROSSIYA AIRLINES|ROSSIYA AIRLINES|
379|FW|IBEX AIRLINES CO. LTD|IBEX AIRLINES CO. LTD|
380|FX|FEDEX AIRLINES|FEDEX AIRLINES|
381|FY|FIREFLY|FIREFLY|
382|FZ|FLYDUBAI|FLYDUBAI|
383|G1|TRANS-AIR-LINK|TRANS-AIR-LINK|
384|G3|GOL TRANSPORTES AEREOS|GOL TRANSPORTES AEREOS|
385|G4|ALLEGIANT AIR|ALLEGIANT AIR|
386|G5|CHINA EXPRESS AIRLINES|CHINA EXPRESS AIRLINES|
387|G6|ANGKOR AIRWAYS|ANGKOR AIRWAYS|
388|G7|GOJET AIRLINES|GOJET AIRLINES|
389|G8|GO AIR|GO AIR|
390|G9|AIR ARABIA|AIR ARABIA|
391|GA|GARUDA INDONESIA|GARUDA INDONESIA|FSC
392|GB|ABX AIR|ABX AIR|
393|GC|GAMBIA INTERNATIONAL AIRLINES|GAMBIA INTERNATIONAL AIRLINES|
394|GD|TAESA AIRLINES|TAESA AIRLINES|
395|GE|TRANSASIA AIRWAYS|TRANSASIA AIRWAYS|
396|GF|GULF AIR|GULF AIR|
397|GH|GLOBUS AIRLINES|GLOBUS AIRLINES|
398|GI|AIR COMPANY ITEK-AIR LTD|AIR COMPANY ITEK-AIR LTD|
399|GJ|EUROFLY|EUROFLY|
400|GK|JETSTAR JAPAN|JETSTAR JAPAN|
401|GL|AIR GREENLAND|AIR GREENLAND|
402|GM|AIR SLOVAKIA|AIR SLOVAKIA|
403|GN|AIR GABON|AIR GABON|
404|GP|PANTANAL LINHAS AEREAS|PANTANAL LINHAS AEREAS|
405|GQ|BIG SKY AIRLINES|BIG SKY AIRLINES|
406|GR|AURIGNY AIR SERVICES|AURIGNY AIR SERVICES|
407|GS|TIANJIN AIRLINES|TIANJIN AIRLINES|
408|GT|GB AIRWAYS LTD.|GB AIRWAYS LTD.|
409|GU|AVIATECA|AVIATECA|
410|GV|GRANT AVIATION|GRANT AVIATION|
411|GW|AIR LINES OF KUBAN|AIR LINES OF KUBAN|
412|GX|PRIMERA AIR|PRIMERA AIR|
413|GY|GABON AIRLINES|GABON AIRLINES|
414|GZ|AIR RAROTONGA|AIR RAROTONGA|
415|H2|SKY AIRLINE|SKY AIRLINE|
416|H3|HARBOUR AIR|HARBOUR AIR|
417|H4|HELI SECURITE|HELI SECURITE|
418|H5|MAGADAN AIRLINES|MAGADAN AIRLINES|
419|H6|HAGELAND AVIATION|HAGELAND AVIATION|
420|H7|EAGLE AIR|EAGLE AIR|
421|H8|DALAVIA FAR EAST AIRWAYS|DALAVIA FAR EAST AIRWAYS|
422|HA|HAWAIIAN AIRLINES|HAWAIIAN AIRLINES|
423|HC|LIP AIR LTD|LIP AIR LTD|
424|HD|HOKKAIDO INTERNATIONAL AIRLINES/AIR DO|HOKKAIDO INTERNATIONAL AIRLINES/AIR DO|
425|HE|LUFTFAHRTGESELLSCHAFT WALTER|LUFTFAHRTGESELLSCHAFT WALTER|
426|HF|HAPAG LLOYD FLUGGESELLSCHAFT|HAPAG LLOYD FLUGGESELLSCHAFT|
427|HG|NIKI|NIKI|
428|HH|AIR HAMBURG|AIR HAMBURG|
429|HI|PAPILLON AIRWAYS|PAPILLON AIRWAYS|
430|HK|YANGON AIRWAYS LIMITED|YANGON AIRWAYS LIMITED|
431|HM|AIR SEYCHELLES|AIR SEYCHELLES|
432|HN|NLM CITYHOPPER B.V.|NLM CITYHOPPER B.V.|
433|HO|JUNEYAO AIRLINES|JUNEYAO AIRLINES|
434|HP|AMERICA WEST AIRLINES|AMERICA WEST AIRLINES|
435|HQ|HARMONY AIRWAYS|HARMONY AIRWAYS|
436|HR|HAHN AIR LINES|HAHN AIR LINES|
437|HS|DIREKTFLYG|DIREKTFLYG|
438|HT|HELLENIC IMPERIAL AIRWAYS|HELLENIC IMPERIAL AIRWAYS|
439|HU|HAINAN AIRLINES|HAINAN AIRLINES|
440|HV|TRANSAVIA AIRLINES|TRANSAVIA AIRLINES|
441|HW|NORTH-WRIGHT AIRWAYS|NORTH-WRIGHT AIRWAYS|
442|HX|HONG KONG AIRLINES|HONG KONG AIRLINES|
443|HY|UZBEKISTAN AIRWAYS|UZBEKISTAN AIRWAYS|
444|HZ|SAT SAKHALIN AIRLINES|SAT SAKHALIN AIRLINES|
445|I4|INTERNATIONAL AIRLINK|INTERNATIONAL AIRLINK|
446|I5|SOCIETE NOUVELLE AIR MALI|SOCIETE NOUVELLE AIR MALI|
447|I7|PARAMOUNT AIRWAYS|PARAMOUNT AIRWAYS|
448|I8|ABORIGINAL AIR SERVICES|ABORIGINAL AIR SERVICES|
449|I9|AIR ITALY S.P.A|AIR ITALY S.P.A|
450|IA|IRAQI AIRWAYS|IRAQI AIRWAYS|
451|IB|IBERIA|IBERIA|
452|IC|INDIAN AIRLINES|INDIAN AIRLINES|
453|IE|SOLOMON AIRLINES|SOLOMON AIRLINES|
454|IF|ISLAS AIRWAYS|ISLAS AIRWAYS|
455|IG|MERIDIANA|MERIDIANA|
456|IH|IRTYSH AIR|IRTYSH AIR|
457|II|BUSINESS AIR LTD.|BUSINESS AIR LTD.|
458|IJ|T.A.T. EUROPEAN AIRLINES|T.A.T. EUROPEAN AIRLINES|
459|IK|IMAIR AIRLINE|IMAIR AIRLINE|
460|IM|MINT AIRWAYS|MINT AIRWAYS|
461|IN|NAM AIR|NAM AIR|
462|IQ|AUGSBURG AIRWAYS|AUGSBURG AIRWAYS|
463|IR|IRAN AIR|IRAN AIR|
464|IS|ISLAND AIRLINES|ISLAND AIRLINES|
465|IT|KINGFISHER AIRLINES|KINGFISHER AIRLINES|
466|IV|WIND JET|WIND JET|
467|IW|WINGS AIR|WINGS AIR|
468|IX|AIR INDIA EXPRESS|AIR INDIA EXPRESS|
469|IY|YEMENIA YEMEN AIRWAYS|YEMENIA YEMEN AIRWAYS|
470|IZ|ARKIA-ISRAELI AIRLINES|ARKIA-ISRAELI AIRLINES|
471|J0|JETLINK EXPRESS|JETLINK EXPRESS|
472|J2|AZERBAIJAN AIRLINES|AZERBAIJAN AIRLINES|
473|J3|NORTHWESTERN AIR LEASE|NORTHWESTERN AIR LEASE|
474|J4|WONDAIR AVIATION S.L|WONDAIR AVIATION S.L|
475|J5|ALASKA SEAPLANE SERVICE|ALASKA SEAPLANE SERVICE|
476|J6|LARRY'S FLYING SERVICE|LARRY'S FLYING SERVICE|
477|J7|JMC AIRLINES LTD|JMC AIRLINES LTD|
478|J8|BERJAYA AIR|BERJAYA AIR|
479|J9|JAZEERA AIRWAYS|JAZEERA AIRWAYS|
480|JA|B&H AIRLINES|B&H AIRLINES|
481|JB|HELIJET INTERNATIONAL|HELIJET INTERNATIONAL|
482|JC|JAL EXPRESS|JAL EXPRESS|
483|JD|DEER AIR|DEER AIR|
484|JE|MANGO|MANGO|
485|JF|L.A.B. FLYING SERVICE|L.A.B. FLYING SERVICE|
486|JH|FUJI DREAM AIRLINES|FUJI DREAM AIRLINES|
487|JI|EASTERN CARIBBEAN AIR|EASTERN CARIBBEAN AIR|
488|JJ|TAM LINHAS AEREAS|TAM LINHAS AEREAS|
489|JK|SPANAIR|SPANAIR|
490|JL|JAPAN AIRLINES|JAPAN AIRLINES|
491|JM|AIR JAMAICA|AIR JAMAICA|
492|JN|EXCEL AIRWAYS|EXCEL AIRWAYS|
493|JO|JALWAYS|JALWAYS|
494|JP|ADRIA AIRWAYS|ADRIA AIRWAYS|
495|JQ|JETSTAR AIRWAYS|JETSTAR AIRWAYS|
496|JR|AERO CALIFORNIA|AERO CALIFORNIA|
497|JS|AIR KORYO|AIR KORYO|
498|JT|LION AIR|LION AIR|
499|JU|JAT AIRWAYS|JAT AIRWAYS|
500|JV|BEARSKIN AIRLINES|BEARSKIN AIRLINES|
501|JW|AIRASIA|AIRASIA JAPAN CO LTD|
502|JX|NICE HELICOPTERES|NICE HELICOPTERES|
503|JY|AIR TURKS AND CAICOS|AIR TURKS AND CAICOS|
504|JZ|SKYWAYS|SKYWAYS|
505|K2|EUROLOT|EUROLOT|
506|K3|TAQUAN AIR SERVICES|TAQUAN AIR SERVICES|
507|K4|KALITTA AIR|KALITTA AIR|
508|K5|WINGS OF ALASKA|WINGS OF ALASKA|
509|K6|CAMBODIA ANGKOR AIR|CAMBODIA ANGKOR AIR|
510|K7|ARIZONA EXPRESS AIRLINES|ARIZONA EXPRESS AIRLINES|
511|K8|ZAMBIA SKYWAYS|ZAMBIA SKYWAYS|
512|K9|KALITTA CHARTERS|KALITTA CHARTERS|
513|KA|DRAGONAIR|DRAGONAIR|
514|KB|DRUK AIR|DRUK AIR|
515|KC|AIR ASTANA|AIR ASTANA|
516|KD|KENDELL AIRLINES|KENDELL AIRLINES|
517|KE|KOREAN AIR|KOREAN AIR|
518|KF|BLUE1|BLUE1|
519|KG|AEROGAVIOTA|AEROGAVIOTA|
520|KI|ADAM AIR|ADAM AIR|
521|KJ|BRITISH MEDITARRANEAN AIRWAYS LTD.|BRITISH MEDITARRANEAN AIRWAYS LTD.|
522|KK|ATLASJET|ATLASJET|
523|KL|KLM|KLM|
524|KM|AIR MALTA|AIR MALTA|
525|KN|CHINA UNITED AIRLINES|CHINA UNITED AIRLINES|
526|KO|YUTANA AIRLINES|YUTANA AIRLINES|
527|KP|KIWI INTL. AIR LINES|KIWI INTL. AIR LINES|
528|KQ|KENYA AIRWAYS|KENYA AIRWAYS|
529|KR|COMORES AVIATION|COMORES AVIATION|
530|KS|PENAIR|PENAIR|
531|KU|KUWAIT AIRWAYS|KUWAIT AIRWAYS|
532|KV|KAVMINVODYAVIA|KAVMINVODYAVIA|
533|KW|WATANIYA AIRWAYS|WATANIYA AIRWAYS|
534|KX|CAYMAN AIRWAYS|CAYMAN AIRWAYS|
535|KY|KUNMING AIRLINES|KUNMING AIRLINES|
536|KZ|NIPPON CARGO AIRLINES|NIPPON CARGO AIRLINES|
537|L3|LYNX AVIATION|LYNX AVIATION|
538|L5|CHC HELIKOPTER SERVICE|CHC HELIKOPTER SERVICE|
539|L6|MAURITANIAN AIRLINES INT|MAURITANIAN AIRLINES INT|
540|L7|LAOAG INTL AIRLINES|LAOAG INTL AIRLINES|
541|L8|WORLDWIDE AIRLINES SERVICES|WORLDWIDE AIRLINES SERVICES|
542|LA|LAN CHILE|LAN CHILE|
543|LB|LLOYD AÉREO BOLIVIANO|LLOYD AÉREO BOLIVIANO|
544|LC|LOGANAIR|LOGANAIR|
545|LD|LINEA TURISTICA AEREOTUY|LINEA TURISTICA AEREOTUY|
546|LE|HELGOLAND AIRLINES|HELGOLAND AIRLINES|
547|LF|NORWEGIAN.SE|NORWEGIAN.SE|
548|LG|LUXAIR|LUXAIR|
549|LH|DEUTSCHE LUFTHANSA|DEUTSCHE LUFTHANSA|
550|LI|LIAT|LIAT|
551|LJ|JIN AIR LTD|JIN AIR LTD|
552|LK|AIR LUXOR S.A|AIR LUXOR S.A|
553|LL|MIAMI AIR INTERNATIONAL|MIAMI AIR INTERNATIONAL|
554|LM|LIVINGSTON SPA|LIVINGSTON SPA|
555|LN|LIBYAN ARAB AIRLINES|LIBYAN ARAB AIRLINES|
556|LO|LOT POLISH AIRLINES|LOT POLISH AIRLINES|
557|lp|LAN PERU|LAN PERU|
558|LR|LINEAS AEREAS COSTARRICENSES S.A.|LINEAS AEREAS COSTARRICENSES S.A.|
559|LS|JET2.COM|JET2.COM|
560|LT|LTU|LTU|
561|LU|LAN EXPRESS|LAN EXPRESS|
562|LV|ALBANIAN AIRLINES|ALBANIAN AIRLINES|
563|LW|PACIFIC WINGS|PACIFIC WINGS|
564|LX|SWISS INTERNATIONAL AIR LINES|SWISS INTERNATIONAL AIR LINES|
565|LY|EL AL ISRAEL AIRLINES|EL AL ISRAEL AIRLINES|
566|LZ|BELLE AIR COMPANY|BELLE AIR COMPANY|
567|M0|AMIRI FLIGHT|AMIRI FLIGHT|
568|M3|NORTH FLYING AS|NORTH FLYING AS|
569|M4|NAYZAK AIR TRANSPORT|NAYZAK AIR TRANSPORT|
570|M5|KENMORE AIR|KENMORE AIR|
571|M6|CHALAIR|CHALAIR|
572|M7|MARSLAND AVIATION|MARSLAND AVIATION|
573|M8|TRANS MALDIVIAN AIRWAYS|TRANS MALDIVIAN AIRWAYS|
574|M9|MOTOR SICH AVIAKOMPANIA|MOTOR SICH AVIAKOMPANIA|
575|MA|MALEV HUNGARIAN AIRLINES|MALEV HUNGARIAN AIRLINES|
576|MC|AIR MOBILITY COMMAND|AIR MOBILITY COMMAND|
577|MD|AIR MADAGASCAR|AIR MADAGASCAR|
578|ME|MIDDLE EAST AIRLINES|MIDDLE EAST AIRLINES|
579|MF|XIAMEN AIRLINES|XIAMEN AIRLINES|
580|MH|MALAYSIA AIRLINES|MALAYSIA AIRLINES|
581|MI|SILK AIR|SILK AIR|
582|MJ|MIHIN LANKA|MIHIN LANKA|
583|MK|AIR MAURITIUS|AIR MAURITIUS|
584|ML|AERO COSTA RICA ACORI S.A.|AERO COSTA RICA ACORI S.A.|
585|MM|EUROATLANTIC AIRWAYS|EUROATLANTIC AIRWAYS|
586|MN|COMAIR LTD|COMAIR LTD|
587|MO|CALM AIR INTL LTD|CALM AIR INTL LTD|
588|MP|MARTINAIR|MARTINAIR|
589|MQ|AMERICAN EAGLE AIRLINES|AMERICAN EAGLE AIRLINES|
590|MR|AIR MAURITANIE|AIR MAURITANIE|
591|MS|EGYPTAIR|EGYPTAIR|
592|MT|THOMAS COOK AIRLINES UK|THOMAS COOK AIRLINES UK|
593|MU|CHINA EASTERN AIRLINES|CHINA EASTERN AIRLINES|
594|MV|ARMENIAN INTL AIRWAYS|ARMENIAN INTL AIRWAYS|
595|MW|MOKULELE AIRLINES|MOKULELE AIRLINES|
596|MX|MEXICANA DE AVIACION|MEXICANA DE AVIACION|
597|MY|MAYA ISLAND AIR|MAYA ISLAND AIR|
598|MZ|MERPATI NUSANTARA AIRLINES|MERPATI NUSANTARA AIRLINES|
599|N2|DAGESTAN AIRLINES|DAGESTAN AIRLINES|
600|N3|OMSKAVIA|OMSKAVIA|
601|N4|MINERVA AIRLINES|MINERVA AIRLINES|
602|N5|NORFOLK AIR|NORFOLK AIR|
603|N7|LAGUN AIR|LAGUN AIR|
604|N8|NATIONAL AIRLINES|NATIONAL AIRLINES|
605|N9|NIGER AIR CONTINENTAL|NIGER AIR CONTINENTAL|
606|NA|NORTH AMERICAN AIRLINES|NORTH AMERICAN AIRLINES|
607|NB|STERLING EUROPEAN|STERLING EUROPEAN|
608|NC|NATIONAL JET SYSTEMS|NATIONAL JET SYSTEMS|
609|ND|AIRLINK PTY LTD.|AIRLINK PTY LTD.|
610|NE|SKY EUROPE AIRLINES|SKY EUROPE AIRLINES|
611|NF|AIR VANUATU|AIR VANUATU|
612|NG|LAUDA AIR|LAUDA AIR|
613|NH|ANA ALL NIPPON AIRWAYS|ANA ALL NIPPON AIRWAYS|
614|NI|PGA-PORTUGÁLIA AIRLINES|PGA-PORTUGÁLIA AIRLINES|
615|NJ|AERO VIP (ARGENTINA)|AERO VIP (ARGENTINA)|
616|NK|SPIRIT AIRLINES|SPIRIT AIRLINES|
617|NL|SHAHEEN AIR INTERNATIONAL|SHAHEEN AIR INTERNATIONAL|
618|NM|MANX2|MANX2|
619|NN|VIM AIRLINES|VIM AIRLINES|
620|NO|AUS AIR|AUS AIR|
621|NP|NILE AIR|NILE AIR|
622|NQ|AIR JAPAN|AIR JAPAN|
623|NR|MAX AIR LIMITED|MAX AIR LIMITED|
624|NS|CAUCASUS AIRLINES|CAUCASUS AIRLINES|
625|NT|BINTER CANARIAS|BINTER CANARIAS|
626|NU|JAPAN TRANSOCEAN AIR|JAPAN TRANSOCEAN AIR|
627|NV|AIR CENTRAL|AIR CENTRAL|
628|NW|NORTHWEST AIRLINES|NORTHWEST AIRLINES|
629|NX|AIR MACAU|AIR MACAU|
630|NY|AIR ICELAND|AIR ICELAND|
631|NZ|AIR NEW ZEALAND|AIR NEW ZEALAND|
632|O2|JET AIR|JET AIR|
633|O4|ANTRAK AIR|ANTRAK AIR|
634|O5|COMORES AVIATION|COMORES AVIATION|
635|O6|OCEANAIR|OCEANAIR|
636|O8|OASIS HONG KONG AIRLINES|OASIS HONG KONG AIRLINES|
637|O9|NOVA AIRWAYS|NOVA AIRWAYS|
638|OA|OLYMPIC AIR|OLYMPIC AIR|
639|OB|BOLIVIANA DE AVIACION|BOLIVIANA DE AVIACION|
640|OC|ORIENTAL AIR|ORIENTAL AIR|
641|OD|MALINDO AIR|MALINDO AIR|
642|OE|WESTAIR COMMUTER AIRLINES|WESTAIR COMMUTER AIRLINES|
643|OF|AIR FINLAND|AIR FINLAND|
644|OG|ONE-TWO-GO AIRLINES|ONE-TWO-GO AIRLINES|
645|OH|COMAIR|COMAIR|
646|OI|PRESTIGE AIRWAYS|PRESTIGE AIRWAYS|
647|OJ|OVERLAND AIRWAYS|OVERLAND AIRWAYS|
648|OK|CSA CZECH AIRLINES|CSA CZECH AIRLINES|
649|OL|OLT|OLT|
650|OM|MIAT-MONGOLIAN AIRLINES|MIAT-MONGOLIAN AIRLINES|
651|ON|OUR AIRLINE|OUR AIRLINE|
652|OO|SKYWEST AIRLINES|SKYWEST AIRLINES|
653|OP|OLYMPIC AIRLINES|OLYMPIC AIRLINES|
654|OQ|QUEEN AIR|QUEEN AIR|
655|OR|TUI AIRLINES NETHERLAND|TUI AIRLINES NETHERLAND|
656|OS|AUSTRIAN AIRLINES|AUSTRIAN AIRLINES|
657|OT|AEROPELICAN AIR SERVICES|AEROPELICAN AIR SERVICES|
658|OU|CROATIA AIRLINES|CROATIA AIRLINES|
659|OV|ESTONIAN AIR|ESTONIAN AIR|
660|OX|ORIENT THAI AIRLINES|ORIENT THAI AIRLINES|
661|OY|ANDES LÍNEAS AÉREAS|ANDES LÍNEAS AÉREAS|
662|OZ|ASIANA AIRLINES|ASIANA AIRLINES|
663|P0|PROFLIGHT COMMUTER SERVICES|PROFLIGHT COMMUTER SERVICES|
664|P2|PANAIR|PANAIR|
665|P4|AEROLINEAS SOSA|AEROLINEAS SOSA|
666|P5|AEROREPUBLICA S. A.|AEROREPUBLICA S. A.|
667|P6|AIR EXPRESSO|AIR EXPRESSO|
668|P7|REGIONAL PARAGUAYA|REGIONAL PARAGUAYA|
669|P8|AIR MEKONG|AIR MEKONG|
670|P9|PERUVIAN AIR LINES|PERUVIAN AIR LINES|
671|PA|FLORIDA COASTAL AIRLINES|FLORIDA COASTAL AIRLINES|
672|PB|PROVINCIAL AIRLINES|PROVINCIAL AIRLINES|
673|PC|PEGASUS AIRLINES|PEGASUS AIRLINES|
674|PD|PORTER AIRLINES|PORTER AIRLINES|
675|PE|AIR EUROPE|AIR EUROPE|
676|PF|PALESTINIAN AIRLINES|PALESTINIAN AIRLINES|
677|PG|BANGKOK AIRWAYS|BANGKOK AIRWAYS|
678|PH|POLYNESIAN|POLYNESIAN|
679|PI| SOL PARAGUAY| SOL PARAGUAY|
680|PJ|AIR ST. PIERRE|AIR ST. PIERRE|
681|PK|PAKISTAN INTERNATIONAL AIRLINES|PAKISTAN INTERNATIONAL AIRLINES|
682|PL|SOUTHERN AIR CHARTER|SOUTHERN AIR CHARTER|
683|PM|PAMIR AIRWAYS|PAMIR AIRWAYS|
684|PN|WEST AIR|WEST AIR|
685|PO|PEOPLES VIENNA LINE|PEOPLES VIENNA LINE|
686|PQ|AIRASIA|AIRASIA PHILIPPINES|
687|PR|PHILIPPINE AIRLINES|PHILIPPINE AIRLINES|
688|PS|UKRAINE INTERNATIONAL AIRLINES|UKRAINE INTERNATIONAL AIRLINES|
689|PU|PLUNA|PLUNA|
690|PV|PAN AIR LINEAS AEREAS|PAN AIR LINEAS AEREAS|
691|PW|PRECISION AIR|PRECISION AIR|
692|PX|AIR NIUGINI|AIR NIUGINI|
693|PY|SURINAM AIRWAYS|SURINAM AIRWAYS|
694|PZ|TAM MERCOSUR|TAM MERCOSUR|
695|Q2|ISLAND AVIATION|ISLAND AVIATION|
696|Q3|ZAMBIAN AIRWAYS|ZAMBIAN AIRWAYS|
697|Q4|SWAZI EXPRESS AIRWAYS|SWAZI EXPRESS AIRWAYS|
698|Q5|FORTY MILE AIR|FORTY MILE AIR|
699|Q6|SKYTRANS|SKYTRANS|
700|Q7|SOBELAIR|SOBELAIR|
701|Q8|TRANS AIR CONGO|TRANS AIR CONGO|
702|Q9|QUIKAIR AIRLINE SVS                            |QUIKAIR AIRLINE SVS                            |
703|QA|CLICK MEXICANA|CLICK MEXICANA|
704|QB|GEORGIAN NATIONAL AIRLINES|GEORGIAN NATIONAL AIRLINES|
705|QC|CAMEROON AIRLINES|CAMEROON AIRLINES|
706|QD|AIR CLASS LINEAS AEREAS/AEROVIP|AIR CLASS LINEAS AEREAS/AEROVIP|
707|QE|EUROPE CONTINENTAL AIRWAYS|EUROPE CONTINENTAL AIRWAYS|
708|QF|QANTAS AIRWAYS|QANTAS AIRWAYS|
709|QH|ALTYN AIR AIRLINES|ALTYN AIR AIRLINES|
710|QI|CIMBER AIR|CIMBER AIR|
711|QJ|AIR COMPANY LATPASS|AIR COMPANY LATPASS|
712|QK|AIR CANADA JAZZ|AIR CANADA JAZZ|
713|QL|AERO LANKA PVT LTD|AERO LANKA PVT LTD|
714|QM|AIR MALAWI|AIR MALAWI|
715|QN|AIR ARMENIA|AIR ARMENIA|
716|QQ|ALLIANCE AIRLINES|ALLIANCE AIRLINES|
717|QR|QATAR AIRWAYS|QATAR AIRWAYS|
718|QS|SMART WINGS|SMART WINGS|
719|QT|REGIONAL AIR PT|REGIONAL AIR PT|
720|QU|AIRLINE UTAIR UKRAINE|AIRLINE UTAIR UKRAINE|
721|QV|LAO AVIATION|LAO AVIATION|
722|QW|TURKS AND CAICOS AIRWAYS|TURKS AND CAICOS AIRWAYS|
723|QX|HORIZON AIR|HORIZON AIR|
724|QY|EUROPEAN AIR TRANSPORT|EUROPEAN AIR TRANSPORT|
725|QZ|AIRASIA|INDONESIA AIRASIA|
726|R2|ORENBURG AIRLINES|ORENBURG AIRLINES|
727|R3|YAKUTIA AIRLINES|YAKUTIA AIRLINES|
728|R4|RUSSIA|RUSSIA|
729|R5|MALTA AIR CHARTER|MALTA AIR CHARTER|
730|R6|AIR SRPSKA|AIR SRPSKA|
731|R7|ASERCA AIRLINES|ASERCA AIRLINES|
732|R9|TAF LINHAS AÉREAS|TAF LINHAS AÉREAS|
733|RA|ROYAL NEPAL AIRLINES|ROYAL NEPAL AIRLINES|
734|RB|SYRIAN ARAB AIRLINES|SYRIAN ARAB AIRLINES|
735|RC|ATLANTIC AIRWAYS|ATLANTIC AIRWAYS|
736|RD|RYAN INTERNATIONAL AIRLINES|RYAN INTERNATIONAL AIRLINES|
737|RE|AER ARANN|AER ARANN|
738|RF|ORD AIR CHARTER|ORD AIR CHARTER|
739|RG|VARIG BRASIL|VARIG BRASIL|
740|RH|REGIONNAIR|REGIONNAIR|
741|RI|MANDALA AIRLINES|MANDALA AIRLINES|
742|RJ|ROYAL JORDANIAN AIRLINE|ROYAL JORDANIAN AIRLINE|
743|RK|REGION AIRLINES|REGION AIRLINES|
744|RL|ROYAL FALCON AIRLINES|ROYAL FALCON AIRLINES|
745|RM|AIR MOLDOVA INTL|AIR MOLDOVA INTL|
746|RN|AIR HORIZONS|AIR HORIZONS|
747|RO|TAROM|TAROM|
748|RP|CHAUTAUQUA AIRLINES|CHAUTAUQUA AIRLINES|
749|RQ|KAM AIR|KAM AIR|
750|RS|SKY REGIONAL AIRLINES|SKY REGIONAL AIRLINES|
751|RT|RAK AIRWAYS|RAK AIRWAYS|
752|RU|BRITT AIRWAYS|BRITT AIRWAYS|
753|RV|CASPIAN AIRLINES|CASPIAN AIRLINES|
754|RW|REPUBLIC AIRLINES|REPUBLIC AIRLINES|
755|RX|AVIAEXPRESS AIRLINES AND SERVICES LTD.|AVIAEXPRESS AIRLINES AND SERVICES LTD.|
756|RY|EUROPEAN EXECUTIVE EXPRESS|EUROPEAN EXECUTIVE EXPRESS|
757|RZ|SANSA AIRLINES|SANSA AIRLINES|
758|S0|SALSA D'HAITI|SALSA D'HAITI|
759|S2|JET LITE|JET LITE|
760|S3|SANTA BARBARA AIRLINES|SANTA BARBARA AIRLINES|
761|S4|SATA INTERNATIONAL|SATA INTERNATIONAL|
762|S5|SHUTTLE AMERICA|SHUTTLE AMERICA|
763|S6|SALMON AIR|SALMON AIR|
764|S7|S7 AIRLINES|S7 AIRLINES|
765|S8|ESTONIAN AVIATION COMPANY ELK|ESTONIAN AVIATION COMPANY ELK|
766|SA|SOUTH AFRICAN AIRWAYS|SOUTH AFRICAN AIRWAYS|
767|SB|AIR CALEDONIE INTERNATIONAL|AIR CALEDONIE INTERNATIONAL|
768|SC|SHANDONG AIRLINES|SHANDONG AIRLINES|
769|SD|SUDAN AIRWAYS|SUDAN AIRWAYS|
770|SE|STAR AIRLINES|STAR AIRLINES|
771|SF|TASSILI AIRLINES|TASSILI AIRLINES|
772|SG|SPICEJET|SPICEJET|
773|SH|SHARP AIRLINES|SHARP AIRLINES|
774|SI|BLUE ISLANDS|BLUE ISLANDS|
775|SJ|SRIWIJAYA AIR|SRIWIJAYA AIR|
776|SK|SAS SCANDINAVIAN AIRLINES|SAS SCANDINAVIAN AIRLINES|
777|SLTHAI LION AIR|THAI LION AIR|
778|SM|SPIRIT OF MANILA AIRLINES|SPIRIT OF MANILA AIRLINES|
779|SN|BRUSSELS AIRLINES|BRUSSELS AIRLINES|
780|SO|SALSA D HAITI|SALSA D HAITI|
781|SP|SATA AIR ACORES|SATA AIR ACORES|
782|SQ|SINGAPORE AIRLINES|SINGAPORE AIRLINES|
783|SR|SWISS AIR TRANSPORT COMPANY LTD.|SWISS AIR TRANSPORT COMPANY LTD.|
784|SS|CORSAIR|CORSAIR|
785|ST|GERMANIA EXPRESS|GERMANIA EXPRESS|
786|SU|AEROFLOT RUSSIAN AIRLINES|AEROFLOT RUSSIAN AIRLINES|
787|SV|SAUDI ARABIAN AIRLINES|SAUDI ARABIAN AIRLINES|
788|SW|AIR NAMIBIA|AIR NAMIBIA|
789|SX|SKY WORK AIRLINES|SKY WORK AIRLINES|
790|SY|SUN COUNTRY AIRLINES|SUN COUNTRY AIRLINES|
791|SZ|CHINA SOUTHWEST AIRLINES|CHINA SOUTHWEST AIRLINES|
792|T0|TACA PERU|TACA PERU|
793|T1|TRANS AIR CONGO|TRANS AIR CONGO|
794|T2|NAKINA AIR SERVICE|NAKINA AIR SERVICE|
795|T3|EASTERN AIRWAYS|EASTERN AIRWAYS|
796|T4|TRIP LINHAS AÉREAS|TRIP LINHAS AÉREAS|
797|T5|TURKMENISTAN|TURKMENISTAN|
798|T6|1TIME|1TIME|
799|T7|TWIN JET|TWIN JET|
800|T8|STA AIRLINES|STA AIRLINES|
801|TA|TACA INTERNATIONAL|TACA INTERNATIONAL|
802|TB|TRUMP SHUTTLE|TRUMP SHUTTLE|
803|TC|AIR TANZANIA|AIR TANZANIA|
804|TD|ATLANTIS EUROPEAN AIRWAYS|ATLANTIS EUROPEAN AIRWAYS|
805|TE|FLYLAL-LITHUANIAN AIRLINES|FLYLAL-LITHUANIAN AIRLINES|
806|TF|MALMO AVIATION|MALMO AVIATION|
807|TG|THAI AIRWAYS|THAI AIRWAYS|
808|TH|BRITISH AIRWAYS CITIEXPRESS|BRITISH AIRWAYS CITIEXPRESS|
809|TI|AIR CONTINENTAL AFRICA|AIR CONTINENTAL AFRICA|
810|TJ|TRADEWIND AVIATION|TRADEWIND AVIATION|
811|TK|TURKISH AIRLINES|TURKISH AIRLINES|
812|TL|AIRNORTH REGIONAL|AIRNORTH REGIONAL|
813|TM|LAM|LAM|
814|TN|AIR TAHITI NUI|AIR TAHITI NUI|
815|TO|PRESIDENT AIRLINES|PRESIDENT AIRLINES|
816|TP|TAP AIR|TAP AIR|
817|TQ|TRANSWEDE AIRWAYS A.B.|TRANSWEDE AIRWAYS A.B.|
818|TR|TIGER AIRWAYS|TIGER AIRWAYS|
819|TS|AIR TRANSAT|AIR TRANSAT|
820|TT|TIGER AIRWAYS AUSTRALIA|TIGER AIRWAYS AUSTRALIA|
821|TU|TUNIS AIR|TUNIS AIR|
822|TV|VIRGIN EXPRESS|VIRGIN EXPRESS|
823|TW|TRANS WORLD AIRLINES|TRANS WORLD AIRLINES|
824|TX|AIR CARAIBES|AIR CARAIBES|
825|TY|AIR CALEDONIE|AIR CALEDONIE|
826|TZ|SCOOT PTE. LTD|SCOOT PTE. LTD|
827|U2|EASYJET|EASYJET|
828|U3|AVIES|AVIES|
829|U4|BUDDHA AIR|BUDDHA AIR|
830|U5|USA 3000 AIRLINES|USA 3000 AIRLINES|
831|U6|URAL AIRLINES|URAL AIRLINES|
832|U7|AIR UGANDA|AIR UGANDA|
833|U8|ARMAVIA|ARMAVIA|
834|U9|TATARSTAN AIRLINES|TATARSTAN AIRLINES|
835|UA|UNITED AIRLINES|UNITED AIRLINES|
836|UB|MYANMA AIRWAYS|MYANMA AIRWAYS|
837|UC|AEROVIAS DAP|AEROVIAS DAP|
838|UD|HEX'AIR|HEX'AIR|
839|UE|AIR EUROAMERICA S.A.|AIR EUROAMERICA S.A.|
840|UF|UKRAINIAN MEDITERRANEAN AIRLINES|UKRAINIAN MEDITERRANEAN AIRLINES|
841|UG|TUNINTER|TUNINTER|
842|UH|US HELICOPTER|US HELICOPTER|
843|UI|EUROCYPRIA AIRLINES|EUROCYPRIA AIRLINES|
844|UJ|USA JET AIRLINES|USA JET AIRLINES|
845|UK|KLM UK LTD|KLM UK LTD|
846|UL|SRILANKAN AIRLINES|SRILANKAN AIRLINES|
847|UM|AIR ZIMBABWE|AIR ZIMBABWE|
848|UN|TRANSAERO AIRLINES|TRANSAERO AIRLINES|
849|UO|HONG KONG EXPRESS AIRWAYS|HONG KONG EXPRESS AIRWAYS|
850|UP|BAHAMASAIR|BAHAMASAIR|
851|UQ|SKYJET AIRLINES|SKYJET AIRLINES|
852|US|US AIRWAYS|US AIRWAYS|
853|UT|UTAIR|UTAIR|
854|UU|AIR AUSTRAL|AIR AUSTRAL|
855|UV|HELICOPTEROS DEL SURESTE|HELICOPTEROS DEL SURESTE|
856|UW|UNIVERSAL AIRLINES|UNIVERSAL AIRLINES|
857|UX|AIR EUROPA LINEAS AEREAS|AIR EUROPA LINEAS AEREAS|
858|UY|CAMEROON AIRLINES|CAMEROON AIRLINES|
859|UZ|BURAQ AIR|BURAQ AIR|
860|V0|CONVIASA|CONVIASA|
861|V2|VISION AIRLINES|VISION AIRLINES|
862|V3|CARPATAIR|CARPATAIR|
863|V4|VIEQUES AIR|VIEQUES AIR|
864|V5|ROYAL ARUBAN AIRLINES|ROYAL ARUBAN AIRLINES|
865|V6|VIP ECUADOR|VIP ECUADOR|
866|V7|AIR SENEGAL INTERNATIONAL|AIR SENEGAL INTERNATIONAL|
867|V8|ILIAMNA AIR|ILIAMNA AIR|
868|VA|V AUSTRALIA|V AUSTRALIA|
869|VB|AEROENLACES NACIONALES|AEROENLACES NACIONALES|
870|VC|AIR AUSTRALIA|AIR AUSTRALIA|
871|VD|SWEDJET AIRWAYS AB|SWEDJET AIRWAYS AB|
872|VE|VOLARE AIRLINES|VOLARE AIRLINES|
873|VF|VALUAIR|VALUAIR|
874|VG|VLM AIRLINES|VLM AIRLINES|
875|VH|AEROPOSTAL ALAS DE VENEZUELA|AEROPOSTAL ALAS DE VENEZUELA|
876|VI|VOLGA-DNEPR AIRLINES|VOLGA-DNEPR AIRLINES|
877|VJ|VIETJET AVIATION|VIETJET AVIATION|
878|VK|VIRGIN NIGERIA AIRWAYS|VIRGIN NIGERIA AIRWAYS|
879|VL|SONICBLUE AIRWAYS|SONICBLUE AIRWAYS|
880|VM|VIAGGIO AIR|VIAGGIO AIR|
881|VN|VIETNAM AIRLINES|VIETNAM AIRLINES|
882|VO|TYROLEAN AIRWAYS|TYROLEAN AIRWAYS|
883|VP|VASP AIRLINES|VASP AIRLINES|
884|VQ|VINTAGE PROPS & JETS|VINTAGE PROPS & JETS|
885|VR|TACV|TACV|
886|VS|VIRGIN ATLANTIC AIRWAYS|VIRGIN ATLANTIC AIRWAYS|
887|VT|AIR TAHITI|AIR TAHITI|
888|VU|AIR IVOIRE|AIR IVOIRE|
889|VV|AEROSVIT AIRLINES|AEROSVIT AIRLINES|
890|VW|AEROMAR|AEROMAR|
891|VX|VIRGIN AMERICA|VIRGIN AMERICA|
892|VY|VUELING AIRLINES|VUELING AIRLINES|
893|VZ|VELVET SKY|VELVET SKY|
894|W2|FLEXFLIGHT|FLEXFLIGHT|
895|W3|ARIK AIR|ARIK AIR|
896|W4|LC BUSRE|LC BUSRE|
897|W5| MAHAN AIRLINES| MAHAN AIRLINES|
898|W6|WIZZAIR|WIZZAIR|
899|W7|SAYAKHAT AIRLINES|SAYAKHAT AIRLINES|
900|W9|AIR BAGAN|AIR BAGAN|
901|WA|KLM CITYHOPPER|KLM CITYHOPPER|
902|WB|RWANDAIR EXPRESS|RWANDAIR EXPRESS|
903|WC|ISLENA AIRLINES|ISLENA AIRLINES|
904|WD|DAIRO AIR SERVICE|DAIRO AIR SERVICE|
905|WE|CHALLENGE AIR CARGO|CHALLENGE AIR CARGO|
906|WF|WIDEROE|WIDEROE|
907|WG|SUNWING AIRLINES|SUNWING AIRLINES|
908|WH|WEBJET LINHAS AÉREAS|WEBJET LINHAS AÉREAS|
909|WJ|AIR LABRADOR|AIR LABRADOR|
910|WK|EDELWEISS AIR|EDELWEISS AIR|
911|WL|AEROPERLAS|AEROPERLAS|
912|WM|WINAIR|WINAIR|
913|WN|SOUTHWEST AIRLINES|SOUTHWEST AIRLINES|
914|WO|WORLD AIRWAYS|WORLD AIRWAYS|
915|WP|ALOHA ISLAND AIR|ALOHA ISLAND AIR|
916|WQ|ROMAVIA|ROMAVIA|
917|WR|ROYAL TONGAN AIRLINES|ROYAL TONGAN AIRLINES|
918|WS|WESTJET|WESTJET|
919|WT|WASAYA AIRWAYS|WASAYA AIRWAYS|
920|WU|TIKAL JETS|TIKAL JETS|
921|WV|WINGS AIR|WINGS AIR|
922|WW|BMIBABY|BMIBABY|
923|WX|CITYJET|CITYJET|
924|WY|OMAN AIR|OMAN AIR|
925|WZ|WEST AFRICAN AIRLINES|WEST AFRICAN AIRLINES|
926|X3|TUIFLY|TUIFLY|
927|X8|ICARO AIR|ICARO AIR|
928|XC|K.D. AIR|K.D. AIR|
929|XD|FREEBIRD AIRLINES|FREEBIRD AIRLINES|
930|XE|EXPRESSJET AIRLINES|EXPRESSJET AIRLINES|
931|XF|VLADIVOSTOK AIR|VLADIVOSTOK AIR|
932|XG|CLICKAIR|CLICKAIR|
933|XH|SPECIAL SERVICES|SPECIAL SERVICES|
934|XJ|MESABA AIRLINES|MESABA AIRLINES|
935|XK|CCM|CCM|
936|XL|LAN ECUADOR|LAN ECUADOR|
937|XM|AUSTRALIAN AIR EXPRESS|AUSTRALIAN AIR EXPRESS|
938|XN|XPRESSAIR|XPRESSAIR|
939|XP|XTRA AIRWAYS|XTRA AIRWAYS|
940|XQ|SUN EXPRESS|SUN EXPRESS|
941|XR|SKYWEST AIRLINES|SKYWEST AIRLINES|
942|XT|AIRASIA|AIRASIA X|
943|XU|AFRICAN EXPRESS AIRWAYS|AFRICAN EXPRESS AIRWAYS|
944|XV|BVI AIRWAYS|BVI AIRWAYS|
945|XW|SKYEXPRESS|SKYEXPRESS|
946|XY|NATIONAL AIR SERVICES|NATIONAL AIR SERVICES|
947|XZ|SOUTH AFRICAN EXPRESS|SOUTH AFRICAN EXPRESS|
948|Y0|YELLOW AIR TAXI|YELLOW AIR TAXI|
949|Y2|FLYGLOBESPAN|FLYGLOBESPAN|
950|Y4|VOLARIS|VOLARIS|
951|Y6|BATAVIA AIR|BATAVIA AIR|
952|Y7|TAIMYR AIRLINES|TAIMYR AIRLINES|
953|Y8|PASSAREDO TRANSPORTES AÉREOS|PASSAREDO TRANSPORTES AÉREOS|
954|Y9|KISH AIR|KISH AIR|
955|YB|SOUTH AFRICAN EXPRESS|SOUTH AFRICAN EXPRESS|
956|YC|YAMAL AIRLINES|YAMAL AIRLINES|
957|YD|MAURITANIA AIRWAYS|MAURITANIA AIRWAYS|
958|YE|YANDA AIRLINES|YANDA AIRLINES|
959|YG|SOUTH AIRLINES|SOUTH AIRLINES|
960|YH|YANGON AIRWAYS|YANGON AIRWAYS|
961|YI|AIR SUNSHINE|AIR SUNSHINE|
962|YK|CYPRUS TURKISH AIRLINES|CYPRUS TURKISH AIRLINES|
963|YL|YAMAL AIRLINES|YAMAL AIRLINES|
964|YM|MONTENEGRO AIRLINES|MONTENEGRO AIRLINES|
965|YN|AIR CREEBEC|AIR CREEBEC|
966|YO|HELI AIR MONACO|HELI AIR MONACO|
967|YP|AERO LLOYD FLUGREISEN|AERO LLOYD FLUGREISEN|
968|YQ|POLET AIRLINES|POLET AIRLINES|
969|YR|SCENIC AIRLINES|SCENIC AIRLINES|
970|YS|RÉGIONAL|RÉGIONAL|
971|YT|YETI AIRLINES|YETI AIRLINES|
972|YU|AEROLINEAS DOMINICANAS S.A. (DOMINAIR)|AEROLINEAS DOMINICANAS S.A. (DOMINAIR)|
973|YV|MESA AIRLINES|MESA AIRLINES|
974|YW|AIR NOSTRUM|AIR NOSTRUM|
975|YX|MIDWEST AIRLINES|MIDWEST AIRLINES|
976|YZ|TRANSPORTES AEREOS DA GUINE-BISSAU|TRANSPORTES AEREOS DA GUINE-BISSAU|
977|Z2|ZEST AIRWAYS|ZEST AIRWAYS|
978|Z3|PROMECH AIRLINES|PROMECH AIRLINES|
979|Z4|ZOOM AIRLINES|ZOOM AIRLINES|
980|Z5|GMG AIRLINES|GMG AIRLINES|
981|Z6|DNIEPROAVIA|DNIEPROAVIA|
982|Z7|ADC AIRLINES|ADC AIRLINES|
983|Z8|AMASZONAS SA|AMASZONAS SA|
984|Z9|AERO ZAMBIA|AERO ZAMBIA|
985|ZA|ZAS AIRLINE OF EGYPT|ZAS AIRLINE OF EGYPT|
986|ZB|MONARCH AIRLINES|MONARCH AIRLINES|
987|ZC|ROYAL SWAZI NATIONAL AIRWAYS|ROYAL SWAZI NATIONAL AIRWAYS|
988|ZD|DOLPHIN AIR|DOLPHIN AIR|
989|ZE|EASTAR JET|EASTAR JET|
990|ZF|ATHENS AIRWAYS|ATHENS AIRWAYS|
991|ZH|SHENZHEN AIRLINES|SHENZHEN AIRLINES|
992|ZI|AIGLE AZUR|AIGLE AZUR|
993|ZJ|ZAMBEZI AIRLINES|ZAMBEZI AIRLINES|
994|ZK|GREAT LAKES AVIATION|GREAT LAKES AVIATION|
995|ZL|REGIONAL EXPRESS|REGIONAL EXPRESS|
996|ZM|ALLIANCE EXPRESS RWANDA|ALLIANCE EXPRESS RWANDA|
997|ZN|NAYSA|NAYSA|
998|ZP|AIR ST. THOMAS|AIR ST. THOMAS|
999|ZQ|CARIBBEAN SUN AIRLINES|CARIBBEAN SUN AIRLINES|
1000|ZR|AVIACON CITOTRANS|AVIACON CITOTRANS|
1001|ZS|SAMA AIRLINES|SAMA AIRLINES|
1002|ZT|TITAN AIRWAYS|TITAN AIRWAYS|
1003|ZU|AIR BASHKORTOSTAN|AIR BASHKORTOSTAN|
1004|ZV|AIR MIDWEST|AIR MIDWEST|
1005|ZW|AIR WISCONSIN|AIR WISCONSIN|
1006|ZX|AIR ALLIANCE|AIR ALLIANCE|
1007|ZY|ADA AIR|ADA AIR|
1008|QG|CITILINK|CITILINK|
1009|ID|BATIK AIR|BATIK AIR|