code|description__content
13CO|13 COINS HOTELS
1834|1834 HOTELS
3K|3K
4RHOT|4RHotels
7DAYS|7 DAYS INN
9HCOL|9 Hotel Collection
A1|A-ONE HOTELS
A10|A10 Hotels
A2HOT|A2 HOTELS
A3000|APARTAMENTOS 3000
AAAHR|AAA HOTELS & RESORTS
AACR|CADENA HOTELERA  AACR
AADES|
AAHTL|
AANDO|A& O HOTELS and HOSTELS Holding AG
ABAD|ABAD GROUP OF HOTELS
ABADE|ABADES
ABBA|ABBA HOTELS
ABCGR|ABC GROUP OF HOTELS
ABERD|ABERDEEN DOUGLAS HOTEL LIMITED
ABSO|ABSOLUTE RESORTS & HOTELS
ABSOL|ABSOLUTE HOTELS SERVICES
ABVI|AMERICA'S BEST VALUE INN
ACADE|ACADEMIA HOTELS
ACCEN|ACCENT INN
ACCOR|ACCOR HOTELS
ACE|ACE HOTELS
ACEVI|ACEVI
ACHAT|ACHAT HOTELS DEUTSCHLAND
ACORS|ACORSONHO
ACROT|
ACTHO|ACTAHOTELS
ADALY|
ADD|Add on Hotels
ADDHT|
ADHOC|AD HOC
ADONI|ADONIS MANAGEMENT
ADRIA|ADRIAN HOTELES
ADRIL|ADRIATIC LUXURY HOTELS
AEONH|AEON PLAZA HOTELS
AEROW|AEROWISATA
AETAS|
AFFIN|AFFINIA HOTELS
AFINI|AFINIA HOTELES
AFRIC|AFRICAN ANTHOLOGY
AFSKY|AFRICAN SKY HOTELS AND RESORTS
AFSUN|AFRICAN SUN HOTELS AND RESORTS
AGH|AGH
AGON|AGON Group GmbH
AGUA|AGUA hotels
AGUAS|AGUAS DE PANTICOSA
AHG|AMSTERDAM HOSPITALITY GROUP
AHHOT|AH HOTELS
AHIMS|THE AHIMSA GROUP
AHISR|"ATLAS HOTELS| ISRAEL"
AHOTE|AHOTELS
AHRA|AHRA
AIDA|AIDA
AIROT|AIROTEL
AITKE|AITKEN SPENCE HOTELS
AIYA|AIYA GROUP
AJUDA|Ajuda Hotels
AKKA|AKKA HOTELS
AKROP|AKROPOLE A.E.
AKS|AKS Hotels
AKUS|AKUS
AL HO|AL HOKAIR GROUP
ALAM|ALAM GROUP
ALARK|ALARKO GROUPS HOTELS
ALBA|ALBA HOTELS & RESORT
ALBAT|ALBATROZ HOTELS
ALBOR|ALBORAN
ALDA|ALDA HOTELS
ALDEA|HOTELES ALDEA DEL BAZAR
ALDEM|Aldemar Hotels
ALDIA|AL DIAR
ALE|ALEENTA HOTELS
ALEXH|ALEXANDRE HOTELS
ALFAG|Alfagar
ALFAM|Alfamar
ALGAR|S'ALGAR HOTELS
ALGRE|ALGARVE RESORTS
ALHAM|AL HAMRA HOTELS MANAGEMENT
ALILA|ALLIA HOTELS & RESORTS
ALLE|ALL LEISURE LTD
ALLHO|ALLIANCE HOSPITALITY
ALLIE|ALLIED FRIEZE HOTELS
ALLSU|ALLSUN
ALMAN|
ALPHA|Alpha hotels and resort
ALSG|ALS RESORT
ALSOL|ALGARVESOL
ALTHU|AL THURAYA
ALTIA|ATLANTIA
ALTIS|ALTIS HOTELS
ALVAD|ALVADONNA
ALYOU|All You Need Hotels
AMAEV|Amazing Evolution Hotels
AMALI|AMALIA HOTELS
AMAN|AMANRESORTS
AMAR|AMARA INTERNATIONAL HOTEL AND RESORTS
AMATH|AMATHUS
AMAYA|AMAYA HOTELS
AMAZO|AMAZONIA HOTEIS
AMBAS|THE AMBASSADOR GROUP
AMDOR|
AMEC|AMERICAS
AMERI|AMERIAN
AMHOT|AM HOTELS
AMIC|AMIC HOTELS
AMIHC|
AMORA|AMORA HOTELS
AMRES|AM RESORTS
AMREY|AMREY HOTELES
AMRNG|AMARIN GROUP
AMSHA|AMHSA MARINA HOTELS & RESORTS
AMSTE|AMSTERDAM CITY HOTELS
AMURA|AMURA HOTELES
ANA|ANA HOTELS
ANANT|ANANTARA
ANDK|ANDAKIRA GROUP
ANDRA|ANDRAS HOUSE GROUP
ANDRI|GRUPO ANDRIA
ANEMO|ANEMON HOTELS
ANGEL|HOTELES DEL ANGEL
ANIA|HOTELANIA
ANIMA|ANIMA HOTELS
ANTAR|ANTARISUITE
ANTOS|
ANYA|ANYAVEE HOTELS
AOBG|AONANG BURI GROUP
APEEJ|APEEJAY SURRENDRA PARK HOTELS
APEX|APEX HOTELS
APHOT|AP HOTELS & RESORTS
APINN|APARTMENTS INN
APKG|
APLAY|APARTAMENTALIA
APLEN|APLEND
APOLL|APOLLO HOTELS & RESORTS
APPAR|APPART' CITY
AQUA|AQUA HOTEL
AQUAH|AQUA HOTELS AND RESORTS
AQUAR|AQUARIA Hotels
AQUAS|AQUASOL HOTELS
AQUEE|
AQUIL|AQUILA
AQUIS|Aquis Hotels & Resorts
ARAIZ|ARAIZA HOTELES
ARAM|
ARANW|Aranwa Hotels resorts & Spa
ARANZ|ARANZAZU HOTELES
ARC|
ARCAD|ARCADIA
ARCEA|ARCEA HOTELES
ARCH|
ARCO|HOTÉIS ARCO
ARCOS|Hoteles los Arcos
ARCOT|ARCOTEL
ARENA|ARENA HOTELS
ARETU|ARENATURIST
ARGO|ARGO CONSULTING
ARHOT|AR HOTELES (ALMERIMAR RESORT HOTELES)
ARHR|Archipelago Hotels & Resorts
ARIST|ARISTOS
AROHT|AROMAR HOTELES
ARPHA|ARP-HANSEN HOTEL GROUP
ARRIV|ARRIVA HOTELES
ARTIE|ARTIEM
ARUBY|ASIAN RUBY
ARYAD|THE ARYADUTA HOTEL & RESORT
AS|AS HOTELES
ASCOT|ASCOTT INTERNATIONAL
ASHLE|ASHLEE GROUP
ASIA|ASIA HOTELS
ASKA|ASKA HOTELS
ASPEN|ASPEN
ASPIR|ASPIRE APARTMENTS & RESORTS
ASTER|ASTERIA RESORTS & HOTELES
ASTON|ASTON
ASTOT|ASTOTEL
ASTRO|ASTRON HOTEIS
ASUR|ASUR HOTELES
ATAHO|ATAHOTELS
ATHOL|ATLANTIS HOLIDAY GROUP
ATHOT|ATH HOTELES 
ATIRA|ATIRAM HOTELS
ATLAN|ATLANTICA HOTELS
ATLHO|ATLAS HOTELS
ATLIS|ATLANTIS
ATOLL|
ATRIU|ATRIUM HOTELS
ATT|HOTELS ATTICA21
ATTID|ATTIDUDE HOTELS
AUG|AUGUSTOS HOTEIS
AUROR|AURORA RESORTS & HOTELS
AUSIN|AUSTRIA INTERNATIONAL HOTELS
AUSTH|AUSTROTEL HotelbetriebsgmbH
AUSTR|AUSTRIA TREND
AVALO|AVALON RESORTS
AVETR|AVETRAVEL
AVILI|Avillion Hotel Group
AVILL|AVILLA HOSPITALITY
AXEL|AXEL HOTELS
AXIS|AXIS HOTEIS & GOLFE
AYDHT|AYDINBEY HOTELS
AYH|A & H HOTELES
AYRE|AYRE
AYRES|AYRES HOTELES
AZHO|A-Z HOTELS
AZIMU|Azimut Hotels
AZULI|AZULINEHOTELS
BAAN|BAAN KRATING HOTELS
BAGLI|BAGLIONI HOTELS
BAGUS|BAGUS DISCOVERY
BAHIA|BAHIA PRINCIPE CLUB & RESORTS
BAIA|Hoteis Baia
BAIY|BAIYOKE GROUP
BAJAH|BAJA HOTELS
BALAI|Balaia
BALBO|BALBOA HOTELES
BALDE|BALDERRAMA HOTELES
BALI|GRUPO BALI
BALIG|BALI GARDEN GROUP
BALIR|BALI RICH LUXURY VILLA
BALLA|Balladins
BANDA|BANDARA
BANTI|BANTITA GROUP
BANYA|BANYAN TREE HOTELS AND RESORTS
BARCE|BARCELO HOTELES
BARCH|BARCELONA CITY HOTELS
BARHO|Baron Hotels & Resorts Egypt
BARNA|BARNACLES
BARON|BARON SERVICE
BARUT|
BASE|BASE BACKPACKERS
BASTI|BASTION HOTELS
BATAI|GROUPE HOTELIER BATAILLE
BAWAG|
BAY|BAYVIEW INTERNATIONAL HOTELS AND RESORTS
BAYGA|BAY GARDENS RESORTS
BBHOT|B&B HOTELS
BBINN|BBINN
BBIRE|B&B IRELAND
BCNAP|BARCELONA APARTMENT
BDL|BDL HOTELS
BEACH|BEACHCOMBER
BEATR|BEATRIZ HOTELES
BEAUF|BEAUFORT HOTELS
BEEHI|BEEHIVE HOTELS
BEIJU|BEIJUAN HOTELES
BELAI|
BELAM|BELAMBRA
BELLA|BELLAMAR
BELLE|BELLEVUE HOTELS
BELMO|Belmond
BELVD|BELVEDERE HOTELS
BELVE|BELVER
BELVI|BELLA VILLA GROUP
BENID|HOTELES BENIDORM
BENIK|BENIKEA
BENIN|BENINTER
BENSA|BENSAUDE TURISMO
BERES|
BERNA|BERNARDIN
BERTA|BERTANI GROUP
BESPO|BESPOKE HOTELS
BEST|BEST HOTELS
BESTW|BEST WESTERN
BETA|BETA HOTELES
BG|BG HOTELES
BH|BERN HOTELS & RESORT
BHDGE|
BHHOT|BH HOTELES
BHR|BERJAYA HOTELS & RESORTS
BINMA|
BLACK|BLACK SEA HOTELS
BLAU|BLAU HOTELS
BLAUP|BLAU PARC HOTELS
BLISS|BLISS APARTMENTS
BLUE|BLUE BAY
BLUED|Blue Diamond Hotels and Resorts
BLUEG|BLUEGR MAMIDAKIS HOTELS
BLUES|HOTELS & RESORTS BLUE SEA
BLUET|BLUE TREE
BLUGR|BLUE & GREEN
BMC|BMC HOTELS
BMR|
BMV|Bali Management Villas
BOITA|BOI TAULL
BONDI|BONDIAHOTELS
BONHT|Bon hotels
BOREI|BOREI ANGKOR HOTELS GROUP
BOSCO|BOSCOLO HOTELS
BOSSO|BOSSOTEL
BOURB|BOURBON HOTÉIS & RESORTS
BOUST|BOUSTEAD HOLDINGS BHD.
BOUTI|BOUTIQUE HOTEL MANAGEMENT ASIA
BOYCE|HOTELES BOYCE
BOYD|BOYD GAMING CORPORATION
BQ|BQ HOTELES
BRAVA|COSTA BRAVA VERD HOTELS
BRAVO|BRAVO TOURISM
BRI|BRISTOL HOTEIS
BRIDA|
BRIDG|BRIDGESTREET ACCOMMODATIONS LONDON LIMITED
BRIHO|BRISAS HOTELS & RESORTS
BRISA|RENTALMAR
BRITA|BRITANNIA HOTELS
BRITH|BRIT HOTEL
BROAD|
BROCH|BROCHNER HOTELS
BROHO|
BROOK|BROOK HOTEL
BRUDO|BRUDOLFF HOTELS
BSUN|BLUESUN
BTB|BTB
BTG|
BUDDG|BUDDY GROUP
BUEHO|Buenas Hoteis
BUENA|BUENAVENTURA
BULL|BULL HOTELS
BULLD|BULL DOG GROUP
BURI|BURI TARA HOTELS
BUTTE|
BVILL|B VILLA
BVP|BALI VILLA PROPERTIES
BWHOT|B-WHOTELS
BZBUZ|BZ BUZIOS
CABAU|CABAU HOTELS
CABIN|CABINN HOTELS
CABOT|CABOT HOTELS
CACTU|CACTUS GROUP
CAESA|CAESAR
CAHRN|"Cataract Hotels| Resorts & Nilo Cruises"
CAIRN|CAIRN HOTELS
CAJUH|Group Caju Hoteis
CALA|CALA HOTELS
CALCO|GRUPO CALCO
CALDA|CALDARIA
CALED|CALEDONIA APARTHOTELS
CALID|CALIDONIA
CALPA|GRUP CAL PARENT
CAMRE|CAMINO REAL
CANDE|Candeo Hotels
CANNE|CANNES
CAPE|CAPE HOTEL GROUP
CAPEL|CAPELLA HOTELS AND RESORTS
CAPIT|CAPITAL HOTELS & RESORTS
CAPSI|CAPSIS
CARDO|Cardoso Madeira Hoteis
CARIB|Caribbean World
CARLH|CARLTON HOTEL GROUP LIMITED
CARLS|CARLSON HOSPITALITY
CARLT|CARLTON HOTELS
CARME|CARMEL HOTEIS
CARSO|CARSONS CUMBERBATCH
CASAA|CASA ANDINA HOTELES
CASAG|CASA GRANDE
CASIN|CASA INN
CASTE|CASTELLO HOTELS
CASTI|
CASTL|CASTLE RESORTS
CASUA|CASUAL HOTELES
CATA|CATALONIA HOTELS
CATU|CATUSSABA HOTEIS
CAUSE|CAUSEWAY HOTELS
CAVEN|CAVENDISH HOTELS
CB|CLUB BALI
CCOHT|CHINA CENTURY ORIENTAL HOTELS & TOURISM CO. LTD
CDB|CDB Resorts
CEDAR|CEDAR COURT
CEIG|CEIGRUP
CELUI|GRUPO CELUISMA
CEMPA|GRAND CEMPAKA GROUP
CENHO|Center Hotels
CENTA|CENTARA HOTELS & RESORTS
CENTE|HOTELES CENTER
CENTR|CENTRAL APARTMENTS AND HOTELS
CESAR|CESAR HOTEIS
CH|COMPASS HOSPITALITY
CHA|CADENA HOTELERA ASTURIANA
CHABA|CHABA GROUP
CHAD|CHA-DA GROUP
CHAHO|Cha Hoteis
CHAND|CHANDRIS HOTELS & RESORTS
CHANN|CHANNEL HOTELS AND LEISURE LTD
CHAR|CHARLESTON
CHARM|CHARMING HOTELS
CHAT|CHATRIUM GROUP
CHATE|Chateaux & Hotels Collection
CHAW|CHAWENG REGENT GROUP
CHD|CAPITAL HOTELS DUBLIN
CHECK|
CHECV|
CHEER|CHEERFULWAY
CHELA|
CHERY|CHERRY HOTELS GROUP
CHESS|CHESS
CHG|Capital Hotel Group
CHIC|CHIC AND BASIC
CHIN|CHINCHERINI HOLIDAYS
CHOIC|CHOICE HOTELS
CHOTE|C HOTELS
CHR|Colina Hotels and Resorts
CHROM|
CINNA|
CIOFF|GRUPO CIOFFI (PREMIUM TOWER)
CIPRO|CIPROTUR
CISEA|City Seasons Hotels
CITAD|CITADINES
CITEA|CITEA HOTELS
CITI|CITITEL HOTEL MANAGEMENT
CITOT|CITOTEL
CITRU|Citrus Hotels
CITY|CITY HOTELS
CITYE|CITY EXPRESS
CITYG|
CITYM|CITYMAR
CITYN|CITY INN
CIUTH|CIUTAT HOTELS
CIVIS|CIVIS HOTELES
CIVIT|CIVITEL HOTEL & RESORTS
CLALO|Classic Lodges
CLARE|CLARE COAST HOTELS GROUP
CLARK|
CLASI|CLASSICAL HOTELS
CLASS|CLASSICA HOTELS
CLBR|CLASSIC BRITISH HOTELS
CLEME|CLEMENT HOTELES
CLOVE|HOTEL CLOVER
CLUBL|CLUB LA COSTA
CMHO|CM HOTELS
COAST|Coastlands Hotels
COCO|COCOTINOS RESORT
COCOC|COCO COLLECTION
COCOM|
COLA|COLA HOTELS
COLO|COLONIAL HOTELES
COMMU|
COMO|COMO HOTELS
COMOR|
COMOS|"HOTELERA COMO| SL"
COMPA|COMPASS HOTEL LTD
COMWE|COMWELL HOTELS
CONCE|
CONCO|CONCORDE HOTELS
CONDE|HOTELES CASA CONDE
CONFH|CONFORT HOTELES
CONFI|CONFIFI HOTELS
CONHO|CONCEPT HOTELS
CONHP|
CONHT|Constance Hotels
CONOR|Costa Norte Hoteis
CONST|CONSTELLATION HOTEL GROUP
CONTI|CONTINENTAL HOTELS
CONVE|CONVENIENT GROUP
CORAL|CORAL HOTELS
CORDI|CORDIAL
CORIN|CORINTHIA HOTELS
CORNE|THE THREE CORNERS HOTELS & TOURISM
CORPO|CORPOROVENTAS
CORUS|CORUS
COSHO|HOTELES COSMOS
COSTA|MAGIC COSTABLANCA
COTTA|COTTAGES TO CASTLES
COTUR|EVENIA HOTELS
COUNT|IRISH COUNTRY HOTELS
COUPL|COUPLES
COVEN|COVENANTERS INN(AULDEARN)LTD
CPG|CENTRE POINT GROUP
CRAIG|CRAIGMONIE HOTEL & LEISURE LTD
CRCBR|CROWN & CHAMPA RESORTS
CRERA|CRERAR HOTELS
CRIEF|CRIEFF HYDRO HOTELS
CRIHR|CRISTAL HOTELS & RESORTS
CRIMS|CRIMSON HOTELS
CRIST|HOTEIS CRISTAL
CROSS|CROSS HOTELES
CROWN|CROWN HOTELS
CRREG|CROWN REGENCY HOTES
CRRES|CROWN RESORTS GROUP
CRYST|CRYSTAL HOTELS
CSHOT|Nau Hotels & Resorts
CSTYL|CHIC AND STYLISH HOTEL COLLECTION
CTNHO|
CTSOL|Canto del Sol
CUBAN|CUBANACAN
CURSA|
CYE|CYE
CYMCA|CHINESE YMCA OF HK
CYPRO|CYPROTEL
CYTS|CYTS Shanshui Hotels
DADED|Dadeda
DAGUI|DAGUISA HOTELES
DAILY|DAILYFLATS
DAMAC|
DANAT|DANAT HOTELS & RESORTS
DANHO|DAN HOTELS
DANTE|DANTE HOTELES
DANU|DANUBIUS HOTELS
DAURO|HOTELES DAURO
DAYS|DAYS INN
DAYSH|PREM GROUP
DCHOT|DCHOTELES
DECAM|DECAMERON
DEDEM|DEDEMAN HOTELS
DEEVA|DEEVANA GROUP
DEHOR|Details Hotels & Resorts
DELA|Delaware North Australia Parks and Resorts
DELFI|DELFIN HOTELS
DELPH|DELPHIN HOTELS
DELTA|DELTA HOTELS (CANADA)
DERAG|DERAG HOTEL AND LIVING
DERBY|DERBY HOTELS
DES|
DESHT|Dessole Hotels
DESIG|DESIGN HOTELS
DESIL|DE SILVA
DEST|DESTINATION HOTELS
DEVER|DE VERE
DEVIL|HOTÉIS DEVILLE
DFN|
DGHOT|DG HOTELS
DHG|
DHOT|D-HOTELS
DHR|Discovery Hotels & Resorts
DIAMO|DIAMOND RESORTS
DIFHO|DIFFERENT HOTELS
DISHG|DISTINCTION HOTEL GROUP
DITUR|Meditur
DIVAN|DIVAN GROUP
DIVHO|DIVANIS
DIVI|DIVI
DLPHI|DELPHIA HOTEIS
DMH|DM Hoteles
DOBRY|DOBRY HOTEL
DOLAN|DOLAN HOTELS LTD
DOLCE|DOLCE INTERNATIONAL
DOMAS|DOMASA
DOMCA|DOM CARLOS HOTEIS
DOMO|DOMOTEL
DOMUS|DOMUS HOTELES
DONSU|DON SUITES HOTELS
DOR|D'OR HOTELS
DORIN|Dorint Hotels
DORIS|Dorisol
DORMI|DORMICUM HOTELS
DORMO|DORMOTEL
DORS|DORSETT HOSPITALITY INTERNATIONAL
DOURO|DOUROS GROUP OF HOTELS
DOÑAJ|DOÑA JUANA CECILIA
DPHG|Duna Parque hotel Group
DR|DARA RESORTS
DREA|DREAMTIME RESORTS
DREAM|DREAMPLACE HOTELS & RESORTS
DREIE|DREAM IRELAND
DRIF|DRIFTWOOD
DRUDS|Druds Hoteis
DTHTL|DTH Hotels
DUBRO|DUBROVNIK D.D.
DUNAS|HOTELES DUNAS
DUSIT|DUSIT INTERNATIONAL
DUXTO|DUXTON HOTEL
DVARE|D Varee Hotels & Resorts
DYLAN|DYLAN APARTMENTS
DYTHO|D&T HOTELS BUENOS AIRES
Disne|The Walt Disney World Resort
EASTI|EASTIN HOTEL
EAXES|HOTELES EAXESS
EBEN|EBENIA HOTELS
ECO|ECO HOTELES
ECONO|Lefteris Economou Management CO
ECOTU|ECOTULUM
EDEN|EDEN HOTELS
EDENC|EDEN HOTEL COLLECTION
EDINB|EDINBURGH FIRST
EDITU|EDITURA ADEVARUL
EDIZI|EDIZIONE PROPERTY SPA
EFTAL|EFTALIA HOTELS
EHR|THE EMPIRE HOTELS & RESORTS
EIGHT|EIGHT HOTELS GROUP
EIXHO|EIX HOTELS
EIZAS|EIZASA
ELAN|ELAN INN
ELBA|ELBA
ELCID|EL CID RESORTS
ELE|ELEGANCIA
ELECT|ELECTRA HOTELS & RESORTS
ELEGA|ELEGANCE HOTELS
ELEHO|ELEGANT HOTELS GROUP
ELIHO|ELITE HOTEL
ELIRE|ELITE ISLAND RESORT
ELITE|ELITE GROUP INTERNATIONAL
ELIWH|
ELOUN|Elounda S.A Hotels
ELPO|ELPO HOTÉIS
EMERA|EMERAUDE HOTELS
EMIRA|EMIRATES
EMPER|EMPEROR GROUP
EMPOR|EMPORIO
EMSA|EMSA HOTELES
ENCAN|ENCANTO RESORTS
ENCHA|ENCHANTING HOTELS
ENJOY|Enjoy
ENOTE|Enotel
EPIKU|EPIKUREAN
EPOQU|EPOQUE HOTELS
EQUAT|EQUATORIAL HOTELS
ERESI|ERESIN GROUPS HOTEL
EREZA|EREZA
ESCAP|ESCAPADE
ESFR|ES FREUS
ESPAH|ESPAHOTEL
ESPER|ESPERANZA
ESTEL|ESTELAR
ESTPL|ESTANPLAZA
ETAPE|GRANDES ETAPES
ETAST|ETA STAR HOSPITALITY
ETINY|EASTINY GROUP
ETOIL|ETOILE HOTEIS
ETPRE|HOTEL ET PREFRENCES
ETUDE|RESIDE ETUDES APPARTHOTELS
EUDIS|Euro Disney Hotels
EURHO|EURO HOSTEL
EURME|EUROMED
EURO|EURO HOTELS
EUROH|EUROTOURS HOTELS
EUROM|SALLES HOTELS
EUROS|EUROSTARS
EUROT|EUROTEL
EUROX|EUROXENIA
EURPE|EUROPE HOTELS
EURPH|
EVADE|
EVEHO|
EVER|EVERGREEN GROUP
EVERH|
EWYND|EXTRA HOLIDAYS BY WYNDHAM
EXCEL|EXCELLENCE GROUP LUXURY RESORTS
EXCLU|EXCLUSIVE HOTELS
EXEC|EXEC HOTELS & RESORTS
EXEHO|EXE HOTELS
EXHOR|EXHORE
EXINT|EXINTURSA
EXPGR|EXPOGRUPO & RESORT - GRUPO EXPO
EXPLO|EXPLOT CONDOR
EXPRE|Express Lodging
EXTEN|EXTENDED STAY HOTELS
EXTRA|Extraordinary
EXTRE|
F Y P|F & P
FAIRG|FAIR HOUSE RESORTS GROUP
FAIRH|Faircity Hotel Group
FAIRM|FRHI
FALKE|FALKENSTEINER HOTELS & RESORTS
FAME|FAME RESIDENCE HOTELS
FANTA|FANTASIA HOTELES
FARAN|Faranda Hotels
FAREA|FAR EAST SERVICED RESIDENCES
FARIO|GRUPO FARIONES
FASAN|Fasano Hoteis
FATIM|FATIMA HOTELS
FATTA|FATTAL
FCHR|
FDB|FBD Hotels and Resorts
FEATH|A. FEATHER & CO. LTD TRADING AS THE FEATHERS HOTEL
FEH|FAR EAST HOTELS
FEHOI|FEDERAL HOTELS INTERNATIONAL
FELLE|GRUPO FELLER
FENHO|FEN HOTELES
FENIX|HOTEIS FENIX
FERGU|CADENA FERGUS
FERIA|
FERNA|GRUPO FERNANDO BARATA
FERRE|HOTELES FERRER
FETUP|
FGA|FGA APARTMENTS
FGC|
FH|FRASERS HOSPITALITY
FHI|FHI GROUP
FIBRA|
FIMAR|FIMARE
FINCA|
FINES|FINESSE COLLECTION
FIRHO|FIRST HOTEL
FJB|FJB COLLECTION
FLAG|FLAGSHIP HOTELS
FLMGO|FLAMINGO MANAGEMENT SDN BHD
FLOR|FLORIS HOTELS
FLORA|FLORA
FLORE|FLORENCE HOTEL
FLORI|FLORINDA HOTELS INTERNATIONAL
FLYNN|FLYNN HOTELS
FOCUS|FOCUS HOTELS
FONTA|HOTELES FONTAN
FONTE|FONTECRUZ HOTELES
FORGH|FORTUNE GROUP OF HOTELS
FORTH|FORTUNE HOTELS
FOSSH|FOSSHOTEL
FOUNT|FOUNTAIN COURT APARTMENTS
FOUR|FOUR SEASONS
FOURV|Fourviews
FPIH|FPI HOTELS
FRAGR|FRAGRANCE HOTELS
FRANC|FRANCE PATRIMOINE
FRASE|FRASER SUITES
FRONT|FRONTENAC
FSA|FREEDOM SERVICED APARTMENTS
FSH|
FTP|FTP HOTELS
FUERT|FUERTE HOTELES
FURA|FURAMA INTERNATIONALS
FUTUR|FUTURE HOTELS
FXFHI|
FYG|F&G HOTELS
GALA|GALA RESORT
GALER|GALLERY HOTELES
GALOR|Galo Resort Hotels
GALWA|GALWAY
GARAG|GARGALLO
GARBI|HOTELES GARBI
GARDE|GARDEN HOTELS
GARIN|GARDEN INN
GARMI|GARMI HOTELS
GARRI|GARRIGA HOTELS
GARVE|GARVETUR
GASSG|GASSON GROUP
GAVIM|GAVIMAR
GAVIO|GAVIOTA
GCITY|GRAND CITY HOTELS
GDMHL|GUANG DONG (INTL) MANAGEMENT HOLDINGS LTD
GEH|
GEMA|GEMA HOTELES
GENER|GENERATOR HOSTELS
GENT|
GEORF|GEORGE FALCON
GEORG|GEORGE OF COLCHESTER
GERMA|GERMAIN HOTELS
GESTR|GESTREZ GROUP
GFHOT|GF HOTELES
GFTFS|GF Hotels Tenerife
GHL|GHL GRUPO HOTELERO
GHM|GHM (GENERAL HOTEL MANAGEMENT)
GHOTE|GHOTELES
GHOTW|GREAT HOTELS OF THE WORLD
GHT|GHT HOTELS
GIAN|Giannoulis Hotels
GIGLI|GIGLIO HOTELS
GINGE|Ginger Hotels
GIT|GIT HOTELES
GJPHO|GJP HOTEIS E RESORTS
GK|GK RESORTS
GLENE|GLENEAGLES HOTELS LTD
GLHM|GLOBAL INTERNATIONAL HOTEL MANAGEMENT
GLOB|HOTELES GLOBALES
GLOB1|TIARA HOTELS AND RESORTS
GLOBA|BE LIVE
GLOH|GLOBAL HOTELS
GLOHT|GLORIA HOTELS
GLORI|GLORIA THALASSO & HOTELS
GNHOT|
GOLDE|GOLDEN TULIP
GOLDH|GOLDEN HOTELS
GOLDI|GOLD INN
GOLFR|GRUPO GOLF RESORT
GOLTE|GOLDEN TEAM
GONDW|Gondwana Collection Namibia
GONZA|GRUPO GONZALEZ
GOOD|GOOD STAY HOTELS AND RESTAURANTS
GOODE|GOODERSON & LEISURE
GOODM|GOOD MORNING HOTELS
GOODW|GOODWOOD GROUP OF HOTELS
GORIL|
GOUVE|GOUVERNEUR HOTELS (CANADA)
GPACI|GRAND PACIFIC
GPEDR|Grupo Pedras
GR525|GRUPO 525
GRACE|GRACE HOTELS
GRAFA|Solutions G.Grafakos
GRAHE|GRAND HERITAGE HOTELS
GRAMA|GRANDMAS  HOTEL
GRAN|GRAND HOTELS INTERNATIONAL
GRANC|GRAN CARIBE
GRANG|GRANGE HOTELS
GRAOP|GRUPO GRAO PARA
GRECO|GRECOTEL
GREEP|GREEN PARK HOTELS & RESORTS
GREGO|GREGORY GROUP ROME HOTELS
GRELA|
GREPH|
GRESH|GRESHAM
GRIFI|GRIFID HOTELS
GRMIL|GRUPO MILENIUM
GRNOR|GRUP NORDIC HOTELS
GROMA|GROMADA
GROVE|GROVE HOTELS LTD
GRPOS|POSADAS
GRTRE|GREEN TREE INN
GRUAM|GRUPO AMERICAS
GRULE|GRUPO LENA
GRUPA|GRUPA TRIP
GRUPF|GRUP FLORIDA HOTELS
GRUPO|GRUPOTEL HOTELS & RESORTS
GRUSU|GRUPO SUAREZ DE HOTEIS
GSHOT|GS HOTELS
GTJID|
GTOW|GRAND TOWER INN GROUP
GUAD|GUADALAJARA PLAZA HOTEL AND SUITES
GUADA|GUADALPIN
GUITA|GUITART HOTELS
GV|GV HOTEL
GVIHR|Granvista Hotels & Resorts
GWING|GOLDEN WINGS GROUP
GZURI|Grand Zuri Hotels
H10|H10
H2|HOTELES 2
HABAG|HABAGUANEX
HABIT|HABITA HOTELES
HABTO|HABTOOR HOTELS
HAC|HACE
HACE|HTLES.ANDALUCES CON ENCANTO
HAHG|
HAHOT|HA HOTELS
HAISE|HAMILTON ISLAND ENTERPRISES
HALO|HALO HOTELS
HALP|HALPINS PRIVATE HOTELS
HAMPS|HAMPSHIRE
HAMY|HA MY GROUP
HANDP|HANDPICKED
HANKY|HANKYU-HANSHIN-DAIICHI-HOTELS
HARB|HARBOUR HOTELS
HARBO|HARBOR HOTEIS
HARD|HARD ROCK ALL INCLUSIVE COLLECTION
HARMO|HARMONY HOTELS
HARRA|Caesars Entertainment
HASHT|Hasdrubal Hotels
HASTI|HASTINGS HOTEIS
HATTE|HATTERS
HBHOT|HB HOTEIS
HBOM|Hotel Brain Ownership & Management
HC|HOTELES CANARIOS
HCC|HCC HOTELES
HCL|
HCT|HCT (HOTELES CULTURALES TEMATICOS)
HDBJE|HOTEIS DO BOM JESUS
HDHOT|HD HOTELES
HEART|HEARTON HOTELS
HECAN|HECANSA
HELI|HELIOS
HELIO|HOTELES HELIOS
HELLI|
HELNA|Helnan Egypt 
HENAN|
HENDE|HENDERSON HOTEL MANAGEMENT LTD
HERIH|Heritage hotels
HERIT|HOTEIS HERITAGE LISBOA
HERLD|
HERS|HERSONISSOS GROUP HOTELS
HERSO|HERSOTELS
HERTG|HERITAGE HOTELS LTD
HFG|HOTEL FINE GROUP
HFIES|PALLADIUM HOTEL GROUP
HG|HG HOTEL & APARTAMENTOS
HGD|HILTON WORLDWIDE
HHKG|
HHR|HAWAIIAN HOTELS & RESORTS
HIGH|HIGHGATE
HIGHT|PETIT PALACE
HIHOT|RESORTS MALLORCA HOTELS INTERNATIONAL
HII|
HILGV|HILTON GRAND VACATION CLUB
HILTO|HILTON HOTELS
HILWO|HILWOOD RESORTS AND HOTELS
HIMAH|HIMALAYA HOTELS S.L.
HIPAR|
HIPOT|HIPOTELS
HIROS|HIROSHIMA INTELLIGENT HOTELS
HISPA|CORPORACION HISPANO HOTELERA
HISTO|HISTORIC HOTELS
HIVER|HIVERNAGE HOTELS & SPA
HK|H&K HOSPITALITY MANAGEMENT
HMASH|HMASH
HMC|HMC RESIDENCES & HOTELS
HMHOT|HM HOTELS
HMOLI|HOUSE OF MOLI
HNAHR|HNA HOTELS & RESORTS
HOAME|HOSTALES DE AMERICA
HOANG|HOANG HAI LONG
HOCLU|
HODEL|HODELPA
HOLA|HOLA HOTELES
HOLID|HOLIDAY VILLA HOTELS & RESORTS
HOMEA|HOMEAROUND
HOMED|HOTELES MEDITERRANEO
HOMEG|HOMES GULF
HOMES|HOMES ORLANDO
HOMIN|HOME INNS
HOMTE|HOMTEL
HONAT|HOTELES NATURALIS
HONGT|HONG THIEN LOC GROUP
HONOT|HONOTEL
HOPE|HOPELAND GROUP
HOR|HORIZON
HORIS|HORISON HOTELS
HOSPE|HOSPES HOTELES
HOSTE|HOSTEL SUITES
HOSTM|HOSTMARK HOTELS & RESORTS
HOT|HLG HOTELS
HOTAN|HOTANSA
HOTAS|HOTASA
HOTBR|HOTELARIA BRASIL
HOTE|HOTELE DIAMENT SA
HOTET|BLUEBAY HOTELS
HOTIL|DES HÔTELS ET DES ÎLES
HOTMM|HOTELES MM
HOTS|HOTEL STYLISH
HOTUS|HOTUSA
HOVIM|HOVIMA
HOVIT|
HOWAR|HOWARD JOHNSON
HPERN|HOTEIS PERNAMBUCO S/A
HPHAR|HELIOS PHAROS HOTELS
HPHR|HARBOUR PLAZA HOTELS AND RESORTS
HPL|HPL HOTELS & RESORTS
HPLUS|
HPOTE|
HPREM|
HPROY|HOTELES PARK ROYAL
HREAL|HOTEIS REAL
HRG|HOTEL ROYAL GROUP
HRHGR|HRH GROUP
HRMGR|HRM Group
HRTG|HERITAGE GROUP
HSD|HOTEL SOLUTIONS DIRECT LTD
HSUCO|HOTEL SUCO
HT500|
HTAS|HOTÉIS A.S. PORTUGAL
HTL81|HOTEL 81
HTLHO|
HTLVA|HOTELES VAR
HTLZG|
HTOP|H-TOP HOTELS
HTPKO|HTP KORCULA D.D.
HUAZH|
HUG|HUGGLER HOTELS
HUPZA|HUP ZAGREB D.D.
HUSA|HOTELES HUSA
HVHOT|
HVIEW|HANOI VIEW
HW|HOLIDAY WORLD
HWHML|HOPEWELL HOTELS MANAGEMENT LTD
HWHPG|
HYATT|HYATT
IANSC|IAN SCHRAEGER
IBB|IBB HOTELS
IBEHT|IBEROTEL
IBERO|IBEROSTAR
IBERS|IBERSOL
IBFEE|
ICELA|ICELANDAIR
ICHEC|
ICHOT|IC HOTELS
ICITY|INTERCITY HOTEIS
ICON|Icon Resort Apartments
IDEA|IDEA HOTEL
IFA|IFA HOTELES
IGUAS|
IHC|ITALY HOTEL CLUB
IHG|InterContinental Hotels Group
IHHOT|IH HOTELS
ILLOT|L'ILLOT HOTELS
ILUN|ILUNION
IMB|IMB HOTELS
IMG|IMG HOTELES
IMPEG|IMPERIAL GROUP
IMPER|IMPERIAL LONDON  HOTELS
IMPGR|THE IMPERIAL HOTELS GROUP
IMPIA|IMPIANA HOTELS & RESORTS
IMPUL|IMPULSIVE GROUP
INATE|Fundaçao Inatel
INCOR|INVESTACOR
INDAH|INDAH PALACE
INDGH|Indigo Hotels
INFIN|INFINITY HOTEL AND RESORT
INNA|INNA HOTEL GROUP
INNCO|INN COME GROUP
INNTH|INNTEL HOTELS
INSOT|INSOTEL
INTCO|INTERCONTINENTAL HOTELS GROUP
INTEC|INTERCORP GROUP
INTER|INTERTUR
INTGD|INTERCONTINENTAL HOTELS GROUP
INTGR|INTERGROUP
INTHO|INTERHOTEL
INTPA|INTERPASS HOTEIS
INTRO|INTUROTEL
INTST|
INTUA|Intu Afrika
INTUM|
INTUR|INTUR
INV|ZINC INVISION HOSPITALITY
INVIS|INVISA
INWOO|INWOOD
IPAHO|
ISHIN|ISHIN HOTELS
ISLA|GRAN ISLA HOTELS
ISLAH|ISLA HOTELES
ISLAZ|ISLAZUL
ISROT|Hoteles ISROTEL
ITACA|
ITCHO|ITChotels
ITCWE|ITC WELCOME GROUP
ITI|ITI HOTELS
IWHIZ|Inti Whiz
IZAN|IZAN HOTELS
JADRA|JADRAN CRIKVENICA HOTELS
JAMBU|
JAN|JAN HOTELS
JANDA|LOS JANDALOS
JANEL|Janelas
JANNA|Jannah Hotels
JANPO|JANPOL
JARH|JA Resorts & Hotels
JATRA|Jatra Hotels
JAYAK|JAYAKARTA GROUP
JAYPE|
JAZ|JAZ HOTELS & RESORTS
JCRIS|GRUPO JOSE CRISTOVAO
JDV|JOIE DE VIVRE
JEAN|JEAN HOTELES
JETWI|JETWING
JGUO|JIAN GUO GROUP
JHR|J HOTELS & RESORTS
JIAH|
JININ|"JINJIANG INTERNATIONAL HOTEL MANAGEMENT CO| LTD."
JINJI|"JINJIANG INN CO| LTD."
JINMT|
JJW|JJW HOTELS
JM|JM HOTELES
JOLLY|JOLLY HOTELS
JORMA|JORMAND HOTELS
JRHOT|JR HOTELS
JSHOT|JS HOTELES
JTGRP|
JUANH|DON JUAN HOTELS
JUMEI|JUMEIRAH INTERNATIONAL
JUMHR|
JUPHO|Jupiter Hotels
JURIN|JURYS INN HOTELS
JURYS|DOYLE COLLECTION
JUSTA|
KAGUM|KAGUM HOTELS
KAIRH|KAIMOO RESORTS & HOTELS
KAKTU|KAKTUS GROUP
KANIK|KANIKA HOTELS
KARIB|KARIBEA
KARIS|KARISMA HOTELS
KASHG|KRABI ALL SEASONS HOTELS GROUP
KATA|KATA GROUP
KAYU|KAYUMANIS
KCH|KC HOTELS AND RESORTS INTERNATIONAL GROUP
KDG|K.Dimitrokalis Group
KEA|KEA HOTELS
KEELS|KEELS MANAGEMENT SERVICES
KEIO|KEIO PLAZA HOTELS
KEMPI|KEMPINSKI
KENZI|Kenzi
KER|KER HOTELES
KERVA|KERVANSARAY HOTELS
KERZN|KERZNER
KEYS|KEYS HOTELS
KHAYA|THE KHAYANGAN DREAM VILLAS
KHG|KANTARY HOTEL GROUP
KIBBU|KIBBUTZ HOTELS
KIMB|
KIMBE|KIMBERLEY ACCOMMODATION
KIMPT|KIMPTON
KINGS|KINGSMILLS HOTEL (INVERNESS) LTD
KIRMA|KIRMAN HOTELS
KKHOT|K+K HOTELS
KLRGR|KIRIKAYAN LUXURY RESORT GROUP
KNHOT|Kn Hoteles 
KOMAN|KOMANEKA
KOOX|KOOX HOTELS
KORAN|Koronios Andreas
KOSHI|KOSMOPOLITO HOTELS INTERNATIONAL
KRABI|C KRABI GROUP
KREML|KREMLEHNER HOTELS
KRIS|KRIS HOTELES
KRIST|KRIS THAILAND
KRYST|KRYSTAL
KSLRE|KSL RESORTS
KTRG|KATATHANI RESORT GROUP
KUKRE|KUKREJA GROUP HOTELS
KUPU|KUPU KUPU HOTEL AND RESORT
KVR|
KYOTO|KYOTO HOTELS
LABRA|
LADY|LADY GLEN HOTELS
LAGHE|Laghetto Hoteis
LAGRA|LAGRANGE
LAGUH|LAGUNA HOTELS & RESORTS
LAICO|Laico
LAIRG|LAIRG HOTELS LTD
LALIT|THE LALIT HOTELS GROUP
LAMAI|LAMAI GROUP
LAMAR|LA MARINA
LANCE|LANCEMORE GROUP
LANDI|LANDISON TOURISM GROUP CO LTD
LANGH|LANGHAM HOTELS
LANSO|Lanson Place
LARIS|LARIS
LATIT|
LAVEN|LAVENDER HOTELS
LBERT|LIBERTEL
LEADI|LEADING HOTELS
LEBUA|
LEE|LEE HOTELS
LEELA|THE LEELA
LEFKO|LEFKONIKO HOTELS
LEGAC|LEGACY HOTELS & RESORTS INTERNATIONAL
LEGED|Legend Lodges
LEGEN|THE LEGEND GROUP OF HOTELS & RESORTS
LEGR|Le Green
LEGRA|LE GRANDEUR HOTELS
LEMON|LEMON TREE HOTELS GROUP
LEO|LEO MANAGEMENT GROUP
LEONA|LEONARDO HOTELS
LEREL|Le Relax Hotels
LESLI|C/O LESLIE WOLFSON & CO
LETOO|LETOONIA HOTELS
LEVEN|LEVENTIS GROUP
LHMCL|L' HOTEL MANAGEMENT COMPANY LTD
LHOS|LIBERTY HOSPITALITY
LHPAR|LES HOTELS DE PARIS
LIBER|LIBERTY
LIBUR|LIBURNIA RIVIERA HOTELI D.D.
LIFEA|LIFE APARTMENTS
LIFEC|LIFECLASS
LIHOT|LIBERTADOR HOTELS
LIKUS|LIKUS
LIMAK|LIMAK GROUP
LINDE|LINDNER HOTELS
LINDO|Lindos Hotels
LINLE|LINLEVEN HOTELS
LIONR|
LISAT|Lisaltur
LISTE|LISTEL HOTELS
LITTO|LITTORAL HOTEIS
LIVEM|HOTEL LIVEMAX
LK|LK Group
LNIDO|
LOAMA|
LOAN|LO.AN
LOEWS|LOEWS HOTELS
LOGCO|LOG COLLECTION HOTELS
LOGIS|LOGIS
LOISU|Loi Suites Hotels
LOKHA|DE ' UMA LOKHA
LONRH|Lonrho Hotels
LONTO|LONDON TOWN HOTELS
LOPES|LOPESAN HOTEL GROUP
LOPEZ|HOTELES LOPEZ
LORDS|THE LORDS GROUP
LORIN|LORIN RESORT & SPA
LOSAR|THE LOSARI HOTELS INDONESIA
LOSIN|LOSINJ HOTELS & VILLAS
LOTTE|LOTTE HOTELS
LOUIS|LOUIS HOTELS
LOUVR|LOUVRE HOTELS
LOWY|LOWY GROUP
LR|LIFESTYLE RETREATS
LTI|LTI INTERNATIONAL HOTELS
LUCER|LUCERNA HOTELES
LUCIE|LUCIEN BARRIERE HOTELS ET CASINOS
LUCKY|LUCKY GROUP
LUISH|LUIS HOTELES
LUNA|LUNA HOTELS & RESORTS
LUX|LUX HOTELS
LUXRH|
LVSC|LAS VEGAS SANDS CORPORATION
MA|HOTELES M. A.
MABU|MABU HOTEIS & RESORTS
MACAU|MACAU CTS HT MANAGEMENT (INT'L) LTD
MACDO|MACDONALD HOTELS
MACHO|MAC HOTELS
MACIA|MACIA HOTELES
MACLE|MACLEOD HOTELS
MADAD|
MADAM|Madame Vacances
MADOR|MARINA D'OR
MAEST|MAESTRALI HOTELS
MAGHO|MAG HOTELS
MAGIC|MAGIC HOTELS
MAGIL|Magic Life
MAHIN|MAHINDRA GROUP
MAIG|MAI RESORT GROUP
MAIST|MAISTRA D.D.
MAJER|MAJESTIC RESORTS
MAJES|MAJESTIC HOTEL GROUP
MAJHO|MAJESTIC HOTELS
MALDR|MALDRON HOTELS
MALI|MALI COOPERATION
MALMA|MALMAISON HOTELS
MAMA|MAMAISON
MANDA|MANDARIN ORIENTAL HOTEL GROUP
MANGP|
MANGR|MANDARAVA AND MORACEA GROUP
MANHA|Martinhal
MANHO|
MANOL|MANOLI HOTELES
MANOR|MANOR HOUSE HOTELS
MANOT|MANOTEL
MANSI|
MANTI|MANTIS COLLECTION
MANTR|MANTRA GROUP
MAR|MAR HOTELS
MARAN|Maranatha
MARBI|MARBELLA INDONESIA
MARCA|Mar de Canasvieiras
MARCL|MARINA CLUB
MARCO|MAR CONFORT HOTELES
MARCP|MARCOPOLO SUITES
MARDE|M´AR DE AR HOTELS
MAREN|
MARES|MARES SUR HOTELES
MARFA|Al Marfa Pearl Hotels Management L.L.C
MARHO|MARINA HOTELS
MARI|MARITIM
MARIH|MARINS HOTELS
MARIN|MARINA BALEAR
MARIO|MARRIOTT HOTELS AND RESORTS
MARIS|Maris Hotels
MARIT|MAR I TERRA HOTELS
MARLI|MARLIN APARTMENTS
MARMA|MARMARA HOTELS
MARPO|MARCO POLO HOTELS
MARSO|MARSOL
MARST|MARSTON
MARTH|CLUB MARTHA'S RESORT
MARTI|MARTI HOTELS
MARTN|MARTINS HOTELS
MARVE|MARVEL
MASHO|
MATHA|MANATHAI CHANNEL
MATSU|Matsubara Hotels
MAVIT|MAVITEL HOTELES
MAX|MAX HOTELS
MAXOH|MaxOneHotels.com
MAYAN|MAYAN RESORT
MAYAR|MAYALAND RESORTS
MAYFA|MAYFAIR CARPET GALLERY LTD
MAYOR|HOTELES MAYORAL
MBALO|MB ALONA D.O.O.
MCALO|
MCARL|MONTE CARLO INN
MCHOT|MC HOTELS
MCKEV|MCKEVER HOTELS
MCQUA|MCQUADE GROUP
MEDAP|MED APARTS
MEDHO|MEDITERRANEAN HOTELS
MEDIN|MEDINA HOTELS
MEDIT|MEDITERRANEO SUR
MEDIU|MEDIUM HOTELES
MEDP|MED-PLAYA
MEINI|MEININGER CITY HOSTELS & HOTELS
MELAW|MELAWAI HOTEL
MELCO|MELCO CROWN ENTERTAINMENT
MELLO|MELLOWMOOD
MENA|MENA HOTELS
MENZI|MENZIES HOTELS
MERCE|MERCER ACCOMMODATION GROUP LIMITED
MERGO|
MERI|MERIT HOLIDAY PARK GROUP
MERIS|MERITUS HOTELS AND RESORTS
MERIT|MERITON HOTELS
METHO|METROPARK HOTELS MANAGEMENT & CO. LTD.
METR|METRO HOTELS
MG|MERLIN GROUP
MGD|
MGE|MGE HOTELS
MGM|MGM HOTELS
MHAPT|MH APARTMENTS
MHGRO|MH GROUP OF COMPANIES
MHOTE|
MIATA|Michels and Taylor
MICHE|Mitchell Corp
MICHO|MICROTEL
MICOP|MILLENNIUM & COPTHORNE HOTELS
MIDA|Mida Hotels & Resorts
MIG|MINOR INTERNATIONAL GROUP
MILLE|MILLENNIUM HOTELS AND RESORTS
MILLI|MILLING HOTELS
MIMPI|MIMPI RESORT
MINOS|MINOS HOTELS
MINOT|MINOTEL
MIRA|MIRACLE GROUP
MIRAC|MIRACHORO HOTELS
MIRAM|MIRAMAR INTERNATIONAL HOTEL MANAGEMENT CORP
MIRVA|MIRVAC
MISIO|MISION
MITSI|MITSIS HOTEL GROUPS
MITSU|MITSUI GARDEN HOTELS
MIXHO|
MIYAK|MIYAKO HOTELS
MK|MAR KRABI
MKHAO|MAIKHAO DREAM HOTELS AND RESORTS
MKLD|MK LAND HOTELS & RESORTS
MKMOU|MK MOUNTAIN RESORT
MLD|MACAU LEGEND DEVELOPMENT
MLL|MLL HOTELS
MMV|MMV
MOAT|MOAT HOUSE HOTELS
MOCHI|"MOTEL CHAIN CO| LTD."
MODEH|MODERN HOTELS GROUP
MOKIN|MOKINBA HOTELS
MOLAV|
MONA|MONA LISA
MONAR|MONARQUE HOTELES
MONDA|Monday Hotel Group
MONDO|MONDO HOSPITALITY
MONFO|Ô Hotels & Resorts
MONH|MONTGOMERY HOTEL GROUP
MONOG|MONOGRAM HOTELS
MONRA|
MONST|HOTELS GROUP MONTENEGRO STARS DOO
MONT|MONTEMAR
MONTA|MONTARA HOSPITALITY GROUP
MONTB|Montebelo
MONTE|HOTELES MONTE
MONTP|MONTPELLIER
MONTY|MONTEREY HOTELS
MONUM|MONUMENT LEISURE
MOODH|MOOD HOTELS
MOONE|MOONEY HOTEL GROUP
MORAN|MORAN HOTELS
MORE|
MORGA|MORGANS HOTELS
MORVA|MORVAN FAMILY HOTELS LIMITED
MOSSA|MOSSA
MOTEL|MOTEL6
MOURA|EL MOURADI
MOVEN|MOVENPICK HOTELS & RESORT
MOZAI|THE MOZAIC
MRC|MR C HOTELS
MS|MS HOTELES
MT|MOM TRI
MTGRP|MONTIEN GROUP
MTONE|MOTEL ONE
MULIA|MULIA HOTELS
MUNDU|MUNDUK RESORT
MUR|GRUPO MUR HOTELES
MUS|MUANG SAMUI
MUTIA|MUTIARA HOTELS & RESORTS
MVACA|MVACANCES
MVM|Hotels et Résidences MVM
MYHOT|MYHOTEL
NAIAR|NAIADE RESORTS
NAIIN|NACIONAL INN
NAMIB|NAMIBIA COUNTRY LODGES
NARAD|NARADA GROUP
NARAI|NARAI GROUP
NASH|NASH-HOTEL DE BERNE SA
NATRA|NATRA GROUP
NAUMI|
NCHOR|NEW CENTURY HOTELS AND RESORTS
NEELK|NEELKANTH GROUP
NELSO|NELSON HOTELES
NEMEA|Residence Nemea
NERUD|HOTELERA NERUDA
NEWHO|NEW HOTEL
NEWMA|Newmark Hotels
NEWTN|
NH|HOTELES NH
NHS|NHS
NIKKO|NIKKO HOTELS INTERNATIONAL
NIL|NIL
NIRWG|
NISNA|NIS-NAFTAGAS
NOA|NOA HOTELS
NOBIL|NOBILE HOTEIS
NOBLE|
NOMAD|NOMADS
NORD|NORD HOTELS
NORDI|NORDICHOTELS OY
NORDO|NORDOTEL
NOVUM|
NOVUS|NOVUS BALI HOTELS & RESORTS
NRHT|NORA RESORTS AND HOTELS THAILAND
NUÑEZ|NUÑEZ  Y NAVARRO
NWH|NEW WORLD HOTELS
OAKS|OAKS HOTELS AND RESORTS
OAKWO|OAKWOOD APARTMENTS
OANDL|O&L Leisure Chain
OASIS|OASIS FUERTEVENTURA
OBERO|OBEROI HOTELS AND RESORTS
OCA|OCA HOTELES
OCALL|O'CALLAGHAN HOTELS
OCCI|OCCIDENTAL HOTELS & RESORTS
OCEAN|OCEAN HOTELS
OCEAR|OCEANICO RESORTS&LEISURE
OCEBR|OCEAN BREEZE HOTELS
OCEHO|Oceanico Hoteis
OCEHT|OCEANA HOTELS
OCENI|OCEANIA
OCRES|OCEAN RESORT
ODALY|ODALYS
ODARA|Odara Hoteis
ODH|OD HOTELS
OH|OASIS HOTELES
OHANA|OHANA
OHTEL|OHTELS
OK|OK HOTELS
OKURA|OKURA HOTELS AND RESORT
OLA|OLA HOTELES
OLDEN|OLD ENGLISH INNS
OLE|OLE HOTELS
OLISS|OLISSIPO HOTEIS
OLIVE|O-LIVE RESORTS
OLSHR|
OLYMH|OLYMPIA HOTELS
OLYMP|OLYMPIC HOLDING
OMNI|OMNI
ONAHO|
ONASO|Port Hotels
ONDES|
ONETO|ONE TO ONE HOTELS & RESORTS
ONIX|HOTELS ONIX
ONOGO|HTP ONOGOST A.D.
ONYX|ONYX HOSPITALITY
OPETI|OPERADORA TIM
ORA|ORAPIN BEACH RESORT GROUP
ORAH|ORA HOTELS
ORASC|ORASCOM
OREA|OREA HOTELS
ORIEN|ORIENT EXPRESS
ORIG|ORIGINAL HOTELS
ORION|ORION GROUP
ORLY|ORLY CLUB
OROPE|
OROVA|OROVACANZE
ORVAS|ORVAS
OST|OSTAR Grupo Hotelero
OSTI|OSTI HOTELS
OTANI|NEW OTANI GROUP
OTHBR|HOTEIS OTHON
OUNEL|OU NELAG
OUTRI|OUTRIGGER
OVOLO|
OXFOR|OXFORD HOTELS AND INNS
OZKAY|OZKAYMAK HOTELS
OZTAN|OZTANIK OTELCILIK
PABE|PALM BEACH GROUP
PABIS|PABISA HOTELES
PACIF|PACIFIC RIM HOTELS
PADMA|PADMA HOTELS & RESORTS
PALAC|PALACE RESORTS
PALAF|PALAFOX HOTELES
PALGR|KATA PALM AND RAWAI PALM GROUP
PALIA|PALIA
PALM|HOTELS PALM
PALMA|DE PALMA GROUP OF HOTELS
PALMG|
PANA|PANALI
PANPC|PAN PACIFIC HOTELS & RESORTS
PANV|PANVIMAN GROUP
PAPHO|PAPILLON HOTELS
PAR|PARADOR
PARAD|PARADORES DE TURISMO
PARAG|The Paradiso Group
PARAR|Paradise Hotels & Resorts
PARIN|PARADISE GROUP
PARKH|PARK HOTEL
PARNA|PARNASSUS RESORTS
PASER|LA PASERA
PATRA|PATRA JASA
PAV|PAVILION RESORTS
PEAB|PEABODY HOTEL GROUP
PEACH|PEACH GROUP
PEARL|Pearl Hotels
PEDRO|DOM PEDRO HOTELS
PEEL|PEEL
PEERM|PEERMONT HOTELS CASINOS RESORTS
PEGAS|PEGASOS HOTELS
PENIN|THE PENINSULA
PENTA|PENTA
PERAL|GRUP PERALADA
PERTI|PERTIWI HOTELS
PESTA|PESTANA
PGHD|Panorama Group of Hotels Dubai
PGRAN|Ponta Grande
PHG|PAVILION HOTEL GROUP
PHI|PHI PHI HOTEL GROUP
PHM|Premier Hospitality Asia
PHMHO|PHM Hospitality
PHOTE|P HOTELS
PHR|PARKROYAL HOTELS & RESORTS
PHUK|PHUKET SAWASDEE
PICKA|PICK ALBATROS HOTELS MANAGEMENT
PIERR|PIERRE ET VACANCES GROUP
PIN|PINNACLE GROUP
PINTA|LA PINTA
PIRAM|PIRAMIDE
PITAN|PITANGASOL
PLAAN|HOTELES PLAZA ANDORRA
PLAC|PLACE
PLAPA|
PLASO|PLAYA DEL SOL MEXICO
PLATA|Platano Hotels
PLATI|PLATINUM HOTELS & RESORT
PLAVA|PLAVA LAGUNA
PLAYA|GRUPO PLAYASOL
PLAZA|PLAZA HOTELS
PLEAF|PALMLEAF HOTEIS
PLYHT|PLAYA SENATOR
PLYNG|PAILYN GROUP
PMG|PITA MAHA GROUP
POLLE|HOTELERA POLLENSINA
PONTI|PONTINS
PORCE|PORCEL
PORTA|PORT AVENTURA HOTELS
PORTL|PORTLAND HOTELS MANAGEMENT LIMITED
PORTO|PORTO BAY HOTELS & RESORTS
PORTS|Portos Santo Hotels
POSAD|POSADAS DE ESPAÑA
POSEI|HOTELES POSEIDON
POUBR|POUSADAS COSTA DO SAUIPE
POUSA|POUSADAS DE COMPOSTELA
PPLAZ|
PRAIA|
PRAIN|
PRECI|PRECISE HOTELS
PREFE|PREFERRED HOTELS & RESORTS
PREG|PREMIER GROUP
PREGI|PREGIO HOTELS
PREHO|PREMIER HOTELS AND RESORTS - SOUTH AFRICA
PREIN|
PREM|PREMIUM HOTELS
PREMH|PREMIER HOTELS
PREMI|PREMIER RESORTS
PRESH|"PRESTIGI HOTELS| S.A."
PREST|PRESTIGE HOTELS
PRETU|HOTELES PRETUR
PRFT|PERFECT HOTEL
PRHG|
PRIAP|PRIME APARTMENTS HOTEL & RESORTS
PRIDE|THE PRIDE
PRIHA|PRINCIPAL HAYLEY
PRIHO|PRINCIPAL HOTELS
PRIM|PRIME PLAZA HOTELS & RESORT
PRIMA|PRIMASOL
PRIMH|PRIMA HOTELS
PRIMM|PRIMM VALLEY CASINO REPORTS
PRIMO|PRIMOSTEN-HOTELI D.O.O.
PRINC|PRINCESS HOTELS
PRINH|PRINCE HOTELS LIMITED
PRINS|PRINSOTEL
PRIRE|PRINCE RESORTS HAWAII
PRIVI|PRIVILEGE
PRIX|
PROFI|PROFIL HOTELS
PROM|PROMENADE HOTEL SDN. BHD
PROME|PROMENADE
PROTE|PROTEA HOTELS
PROTU|PROTUR HOTELS
PROVE|PROVENCE
PROXI|PROXIMA HOTELES
PRTIN|PREMIER TRAVEL INN
PUEBO|PUEBLO BONITO RESORTS
PULAI|PULAI SPRINGS BHD.
PUMA|THE HOTEL COLLECTION
PUNN|PUNNPREEDA
PUNTH|PUNT HILL
PURI|PURI SARON HOTEL
PURIC|PURI COLLECTION
PUROH|
PYRAM|PYRAMISA
PZBRA|PLAZA BRASILIA HOTEIS
QAFQA|QAFQAZ HOTELS
QHOTE|Q HOTELS
QUALI|QUALITY HOTELS
QUALT|QUALTON
QUBUS|QUBUS HOTELS
QUEST|QUEST SERVICED APARTMENTS
QUINS|LA QUINTA INNS & SUITES
QUO|QUO HOTELES
R2|R2
RADED|RADISSON EDWARDIAN
RADI|The Radiant
RADIA|RADIANCE GROUP
RADIS|CARLSON REZIDOR HOTEL GROUP
RAFA|RAFAEL HOTELES
RAH|RAH HOTEIS
RAICE|RAICES DEL PLATA
RAINB|RAINBOW TOURISM GROUP
RAINT|THE RAINTREE HOTELS
RAMA|RAMADA JARVIS HOTELS
RAMAB|RAMA HOTELS & RESORT BALI
RAMBL|RAMBLAS HOTELES
RAME|RAMADA ENCORE
RAMEE|RAMEE GROUP OF HOTELS & RESORT
RANDW|RANDWICK LODGES
RANI|RANI HOTELS
RBIHG|RHOMBUS INTL HOTELS GROUP
RCAST|RESIDENCIA CASTELLANO
RCDHO|RCD Hotels
RCG|RCG GROUP
RCHG|ROYAL CLIFF HOTELS GROUP
RDATL|REDE ATLANTICO DE HOTEIS
RDERU|
RDH|ROSEDALE HOTELS
REAL|GRUPO REAL HOTELS
REALR|REAL RESORTS
REBRI|
RECOM|RECOMMENDED HOTELS
REDAT|Rede Atlantica
REDCA|THE RED CARNATION HOTEL COLLECTION
REDEB|REDE BOULEVARD
REDEM|REDE MIRADOR
REDLI|RED LION HOTELS
REDPL|
REDRO|RED ROOF INNS
REDSO|
REEF|THE REEF RESORTS
REG|REGAL HOTELS INTERNATIONAL
REGEN|REGENCY HOTELS & RESORTS
REGET|REGETEL
REGRE|Regent Hotels & Resort
REHOG|RESTEL HOTEL GROUP
REIK|Reikartz Hotels & Resorts
RELAH|AFRICAN HOTEL AND ADVENTURE (AHA)
RELAI|RELAIS & CHATEAUX
RELAX|RELAXIA
RELEX|RELEXA
REMBR|REMBRANDT GROUP
REMIN|REAL DE MINAS
RENDE|RENDEZVOUS HOTELS
RENMD|
RENNI|RENNIE MACKINTOSH GROUP
REP|HOTELREP
REPFI|REDE PORTO FIRME DE HOTEIS
REQUE|ASTON HOTEL AND RESORT
RESAV|RESAVA GROUP
RESID|GRUPO RESIDE
RESO|RESORTS WORLD BHD
RESOT|Resotel Group Hotel & Resort
RESPI|RESPITE HOTELS
RETAJ|Retaj Hotels and Hospitality
REVE|HOTELES REVERON
REVER|REVERE GROUP
REX|REX
REYKJ|REYKJAVIK HOTELS
RFHOT|RF HOTELS
RH|HOTELES RH
RIA|RIA PARK HOTELS
RIAND|RIANDE HOTELS
RICA|RICA HOTELS
RICEH|
RICHA|RICHARDSON HOTELS
RICPH|
RIEMA|GRUPO RIEMA
RIHGA|RIHGA ROYAL HOTEL
RIMON|RIMONIM HOTELES
RINDO|RINGHOTELS + DORMOTELS
RING|RINGHOTEL
RINGH|RINGHOTELS E.V.
RINH|RIN HOTELS
RIO|GRUPO RIO
RISIN|RISING DRAGON GROUP
RITZA|RITZ ANGOLA
RIU|RIU HOTELES
RIVER|RIVERSUN TOURISTIC
RIVHT|RIVIERA HOTEIS
RIXOS|RIXOS HOTELES
ROBER|ROBERTSON HOTEL COMPANY LTD
ROBIN|ROBINSON
ROC|ROC HOTELS
ROCBL|GRUPO ROC BLANC
ROCCO|ROCCO FORTE HOTELS
ROCHE|ROCHESTER
RODH|
ROMAN|Romantik Hotels and Restaurants International
ROOM|ROOM MATE
ROOMZ|
ROPAL|
RORE|ROYAL RESORTS
ROSEN|ROSEN HOTELS & RESORT
ROSEW|ROSEWOOD HTL AND RESORT
ROSIT|Rosita & El Pescador Hotels
ROTAN|ROTANA HOTELS
ROYA|Royal Hotels & Spa Resorts
ROYAL|ROYAL PREMIER HOTELES
ROYHO|ROYAL HOTELS
ROYL|ROYAL GROUP
ROYOR|ROYAL ORCHID HOTELS
RPLAN|Red Planet Hotels
RRHG|RR Hotels Group
RSIDH|RESIDHOTEL
RURAL|Granada Rural
RVER|ROYAL RIVER GROUP
RVHOT|RV Hotels
RVTA|RED DE VILLAS TURISTICAS DE ANDALUCIA
RYDGE|RYDGES HOTELS
S15|SUKHUMVIT 15 PLACE GROUP
SABIN|SABINA HOTELS
SABIR|SABIR HOTEIS
SAFEG|SAFEER GROUP
SAHID|SAHID HOTELS
SAINT|HOTELERA SAINT MICHEL
SAKHG|SAKURA HOTEL GROUP
SALA|SALA RESORTS AND SPAS
SALIL|SALIL HOTELS
SAMBA|SAMBA HOTELS
SAMED|SAMED RESORTS
SANA|SANA HOTEIS
SANDA|SANDALS
SANDM|SANDMAN HOTELS
SANDO|SANDOS HOTELS & RESORTS
SANDS|SAND & SEA RESORTS
SANDT|SANDTON
SANG|SANTIBURI GROUP
SANRE|
SANSI|SANSI
SANTA|SANTA GRAND GROUP
SANTI|SANTIKA INDONESIA HOTELS & RESORTS
SANTO|HOTELES SANTOS
SAPAR|APARTMENTSAPART
SARA|Sara Residences
SARAG|SARAGRUP
SARDI|SARDINIA HOTEL GROUP
SAROA|SAROVA
SAROV|SAROVAR HOTELS AND RESORTS
SATOR|SATORIA GROUP
SAUJA|Saujana Hotels & Resorts
SAVA|SAVA HOTELS & RESORTS
SAVOY|SAVOY GROUP
SBHOT|SB HOTELS
SBOKO|SBOKOS GROUP
SC|SC GROUP
SCAND|SCANDIC HOTELS AB
SCENI|SCENIC HOTEL GROUP
SCOTT|SCOTTISH APARTMENTS
SE|SIAM EASE
SEA|SEE2SEA
SEABE|Seabel
SEAPA|SEASONS APARTMENT HOTEL GROUP
SEARA|HOTEIS SEARA
SEAS|Seashells Hospitality Group
SEASI|SEASIDE HOTELS
SEASO|SEASONS IN AFRICA
SEGAR|SEGARA VILLAGE
SEH|SOCIÉTÉ EUROPÉENNE D'HÔTELLERIE
SEHR|SERENATA HOTELS & RESORTS
SEMAR|SEMARA RESORTS GROUP
SENSI|
SENTI|SENTIDO HOTELS & RESORTS
SERAM|SERAMAR HOTELS
SERCO|SERCOTEL
SEREN|SERENA LODGES & HOTELS
SERHS|HOTELS SERHS
SERRA|SERRANO HOTELS
SERVA|SERVATOUR
SERVI|SERVIGROUP
SERVT|SERVITUR
SETHO|SET HOTELS
SEVIL|SEVILLA
SEYMO|SEYMOUR HOTELS
SFHC|STANFORD HOTELS CORPORATION
SFRAN|
SG|SPRINGFIELD GROUP
SGD|
SGOH|SERENE GROUP OF HOTELS
SH|SH HOTELS
SHAFT|SHAFTESBURY HOTELS
SHALA|
SHANG|SHANGRI - LA
SHANS|SHANSHUI TRENDS HOTELS
SHANT|THE SHANTI COLLECTION
SHERW|SHERWOOD HOTELS
SHIBA|SHIBA PARK HOTEL GROUP
SHIHO|SHI HOTEL GROUP
SHILO|SHILO HOTELS
SHIN|SHINING STAR HOTELS AND RESORTS
SHIND|SHINDOM INN
SHIRE|
SHR|SHR
SHRG|SERENETA HOTEL & RESORTS GROUP
SHSHO|SHS-HOTELS
SHWAG|SHEWE WANA GROUP
SIAMD|SIAM @ SIAM DESIGN GROUP
SIARA|SI- ARANWA
SIBIZ|SIBIZA HOTELS
SIDHO|SIDHOLE
SIDI|HOTELES SIDI
SIDOR|SIDORME
SIGHO|SIGNATURE HOTELS
SILKE|SILKEN
SILVE|SILVER OAKS HOTELS
SINEH|SILVERNEEDLE HOSPITALITY
SINGG|SINGGASANA HOTELS & RESORT
SINO|SINO GROUP OF HOTELS
SIREN|SIRENIS HOTELS
SIRKE|SIRKECI GROUP HOTELS
SIXSE|SIX SENSES
SIXSS|
SIYAM|
SJUAN|SAN JUAN HOTEIS
SKYRE|SKY RESORTS MANAGEMENT
SLAKE|SOUTH LAKE HOTELS
SLAVI|SLAVIERO HOTEIS
SLEEH|SLEEPERZ HOTELS
SLEEP|
SLS|
SM|SM HOTELS
SMALD|SMALL DISTINCTIVE HOTELS
SMALL|SMALL LUXURY HOTELS OF THE WORLD
SMART|SMARTOTEL SA
SMILE|Smile Hotels
SOGOG|
SOHR|Solare Hotel and Resort
SOKHO|SOKOS HOTEL
SOLAR|HOTELES SOLARIS DE MEXICO
SOLEI|RESIDENCE DU SOLEIL
SOLEX|SOL EXPRESS HOTEIS
SOLHO|SOLAR HOTELES
SOLHR|SOLMELIA HRVATSKA D.O.O.
SOLME|MELIA HOTELS INTERNATIONAL
SOLPO|Solares de Portugal
SOLVA|SOLVASA
SOLVE|SOLVERDE GROUP
SOMHO|
SOMRI|SOMRIU HOTELS
SONAE|SONAE TURISMO
SONEL|SONEL ALGARVE
SONES|SONESTA INTERNATIONAL HOTELS CORPORATION
SONEV|SONEVA
SOPAL|SOPA LODGES
SOREL|SORELL GROUP
SOTUR|SOTURIM
SOUQ|SOUQ WAQIF BOUTIQUE HOTELS
SOUSA|SOUSA HOTELS
SPICE|SPICERS GROUP
SPIRE|THE SPIRES SERVICES SUITES
SPLEN|SPLENDID HOTEL GROUP
SPORT|SPORT HOTELS
SPRIN|SPRING HOTELS
SQUIR|
SRHOT|SR HOTELES
SRI|THE SRI HOTELS GROUP
SRIMA|SRIMAL HOTELS
SRS|STEIGENBERGER
SRSWO|SRS-WORLD HOTELS
SRV|SANTRIAN RESORTS & VILLAS
SSHKP|SUBSIDIARY OF SUN HUNG KAI PROPERTIES LTD
STAMF|STAMFORD HOTELS
STAR|STAR HOTELS
STARH|STARWAY HOTELS
STARW|STARWOOD HOTELS
STAT|STATION CASINOS
STAYH|
STAYW|STAY WELL
STE|STELLA CANARIS HOTELS & RESORT
STEEL|SEETEL HOTELS
STELG|STELGROC HOTELES
STHER|SOUTHERN SUN GROUP
STIL|STIL HOTELS
STJAH|St James's Hotels
STOGR|STONE GROUP
STONE|STONEFIELD CASTLE GROUP
STRA|STRATHMORE HOTELS
SUERR|HOTELES SUERRE
SUIHO|SUITE HOSPITALITY
SUITE|PARK & SUITES
SUK|
SUKOS|SUKOSOL
SUMAG|
SUMMA|SUMMA HOTELES
SUMMI|SUMMIT HOTELS & RESORTS
SUN|SUNWAY HOTELS & RESORTS
SUNAN|SUN AND BEACH HOTELS
SUNBD|SUNDBIRD HOTELS AND RESORTS
SUNCA|SUNCANI HVAR HOTELS
SUNCO|SUN CONFORT GROUP
SUNFL|SUNFLOWERS HOTELS
SUNGR|SUN GROUP HOTELS
SUNH|SUNSHINE HOTELS AND RESORTS
SUNHO|Sun hotels and resorts
SUNIH|SUN INN HOTEL
SUNIN|SUN INTERNATIONAL
SUNIS|
SUNOT|SUNOTEL
SUNPL|SUNPLACE HOTELS & RESORTS
SUNRI|SBH
SUNRO|SUNROUTE HOTELS
SUNRS|Sun Resorts
SUNSE|SUNSET RESORT
SUNSW|SUNSWEET HOTELS & RESORTS
SUNTO|SUNTOPIA
SUNWI|HOTELES SUNWING
SUPER|SUPERCLUB HOTELS & RESORTS
SUPHO|SUPERHOTEL
SURAL|SURAL HOTELS
SURGE|SURGEONS LODGE LTD
SURIA|SURIA RESORTS & HOTELS
SURYA|
SUTHR|Sutera Harbour Resort
SUTTO|THE SUTTON PLACE HOTELS
SUW|SUWAN PALM
SWAN|SWAN HOTEIS
SWG|SAWASDEE AND WORABURI GROUP
SWGAR|SWISS-GARDEN INTERNATIONAL HOTELS
SWINT|
SWISB|SWISS BELHOTEL
SWISQ|SWISS QUALITY HOTELS INTERNATIONAL
SWISS|SWISS GROUP
SYMBO|SYMBOL
SYRE|SYRENA HOTELS
TACB|TACB
TAFER|TAFER HOTELS AND RESORTS
TAJ|TAJ HOTELS
TALAS|Talash
TAMAR|TAMARES
TAN|TAN HAI LONG GROUP
TANGE|TANGERINE GROUP HOTEL
TANGO|TANGO GROUP
TAUZI|Tauzia Hotel Management
TAVEL|TRAVELLERCHOICES
TCG|TRADEWINDS CORPORATION GROUP
TCITI|THREE CITIES GROUP
TD|TD HOTELS
TELS|
TEM|TEMMOS
TEMPL|TEMPLE
TEMPO|TEMPORARY APARTMENTS
TERRA|CADENA TERRASOL
TESOR|TESORO
TFLAT|TRANSAMERICA HOSPITALITY GROUP
THALA|Thalassa Hotels
THANH|THANH BINH GROUP
THAV|THAVORN GROUP
THB|THB HOTELS
THE|TOTAL HOTEL EXPERIENCE
THEAD|THE ADDRESS
THEGR|
THEN|THENHOTELS
THEPA|THE PARK HOTELS GROUP
THER|THE HERITAGE HOTELS GROUP
THHOT|TH HOTELS
THINK|THINK APARTMENTS
THIS|GUOMAN & THISTLE (GLH)
THIST|THISTLE HOTELS
THOHO|THON HOTELS
THOMP|THOMPSON HOTELS
THR|THEMA HOTELS & RESORTS
THSN|Tourism & Hospitality Support Network
TIANL|TIANLUN HOTELS
TICO|TICO RESORTS
TIERR|
TIFCO|TIFCO LTD
TIGER|TIGER GROUP
TIME|TIME HOTELS
TINNS|TRAVEL INN
TITAN|TITANIC RESORTS & HOTELS
TIVOL|TIVOLI
TMH|TMH
TOAS|THE OASIS HOTELS & RESORTS
TOGA|TOGA HOSPITALITY
TOKYU|TOKYU HOTELS
TONIC|TONIC HOTEL
TONYG|TONY GROUP
TOP|TOP INTERNATIONAL HOTELS
TOPCI|TOP CITY LINE HOTELS
TOPO|TOPOTEL
TOSAG|TOHSANG GROUP
TOUR|Tourotel HotelbetriebsgmbH
TOWER|TOWER HOTEL GROUP
TOWNH|THE TOWN HOUSE COMPANY
TOYOK|TOYOKO INN
TRANS|TRANSILVANIA TRAVEL
TRAPS|TRAVELERS APARTAMENTOS Y SUITES
TRAVE|Travelodge UK
TREMO|Tremo
TRH|TRH HOTELES
TRIAN|TRIANFLOR
TRIDE|TRIDENT GROUP OF HOTELS
TRIPC|TRIPLE C HOTELS AND RESORTS
TROHT|TROPICAL HOTEIS & RESORTS
TROPI|TROPICAL
TROPN|TROPICANA
TRUMP|
TRVIR|TRAVELODGE IRELAND
TSHG|THE SMALL HOTEL GROUP
TSIMA|TSIMARAS HOTELS
TSOGO|Tsogo Sun
TSOKK|TSOKKOS
TSUEH|TSUE HOTEIS
TTHO|TT HOTELS
TTHOT|TT HOTELES
TUGAS|TUGASA
TUGU|TUGU HOTELS
TUIHT|TUI Hotels and Resorts
TUKAN|El Tukan Hotels & Resort
TUNE|TUNE HOTELS REGIONAL SERVICES SDN BHD
TURIC|TURICOMPLEX
TURIM|TURIM HOTEIS
TURIS|TURISTRELA
TURMU|
TVILL|THE VILLAGROUP
TWARM|The Warm Side
UDA|UDA HOLDINGS
UGEPL|
UGO|UGO HOTEL D.O.O.
UIH|UI HOTELS
UNCOL|Unlisted Collection
UNIC|UNICO GROUP
UNICO|The Unique Collection
UNIHO|Uni Hotéis
UNITA|UNITA TURISM
UNITU|UNITURSA
UNIVE|UNIVERSAL HOTELS
UNIVR|UNIVERSAL RESORTS
URBAN|URBAN RUSTIC HOTELS
URBEM|URBEM
URHCH|URH & Cº HOTELIERS
UTELL|UTELL HOTELS & RESORT
VAC|VACANCES BLEUES
VACEO|VACANCEOLE
VAIL|VAIL RESORTS
VALAM|VALAMAR HOTELS & RESORTS
VALEN|VALENTIN HOTELES
VALMA|VALMANGA
VALUE|VALUE HOSPITALITY HOTELS & RESORTS MANAGEMENT CO.
VANDE|VAN DER VALK
VANHO|Vantaris Hotels
VANIT|VANITY HOTELS
VANTA|VANTAGE HOSPITALITY GROUP
VANTH|VAN THINH PHAT
VCARE|VACATION CARE
VELAD|VELADA HOTELES
VELIC|VELIC HOTELS
VER|VERANDA RESORT AND SPA
VERA|VERA HOTELS
VERSE|VERSER
VERTI|VERTICE
VIAGG|
VIAHR|
VIBAR|VISIT BARCELONA
VICER|VICEROY HOTEL GROUP
VICGA|VICTORIA GARDEN
VICHO|VICTORIA HOTELS & RESORTS
VICHR|VICEROY HOTELS AND RESORTS
VICTO|VICTORIA GROUP
VIDA|
VIDAM|VIDAMAR RESORTS
VIENN|VIENNA GROUP OF HOTELS
VIFON|VILLA FONTAINE
VIHOU|
VIK|VIK HOTELS GROUP
VIKIN|VIKING HOTELS
VILA|VILA GALE HOTEIS
VILH|VILLA HOTELS
VILLH|VILLAGE HOTELS
VILLL|VILLAGE & LIFE
VIME|VIME HOTELES
VINCC|VINCCI HOTELES
VINTE|VIENNA HOUSE
VIP|VIP HOTEIS
VIS|Vis Hoteles
VISAB|VISABEIRA TURISMO
VISOL|VISTA SOL
VITA|VILA VITA HOTELS
VITAH|VITA HOTELIERS
VITOR|Vitor's
VIVA|VIVA  WYNDHAM RESORTS
VIVAH|VIVA HOTELS & RESORTS
VLCFL|
VMARG|VILLA LAS MARGARITAS
VOIHO|VOIHOTELS
VOKEL|
VONDH|VONDEL HOTELS
VOYAG|VOYAGES HOTELS AND RESORTS
VRGRO|VR GROUP HOTELS
WAKA|WAKA GROUP
WALDO|Waldorf Apartment Group
WANDA|WANDA HOTELS
WARWI|WARWICK HOTELS AND RESORTS
WASHI|WASHINGTON HOTELS
WATER|WATERFRONT HOTEL GROUP
WAVE|Blue Wave Inn
WELCO|Welcome Hotels
WESTG|WESTGATE RESORTS
WESTH|WESTCORD HOTELS
WINDH|Windsor Hoteis
WINDS|WINDSOR HOTELS
WING|HOTEL WING INTERNATIONAL GROUP
WINHG|WIN HOTEL GROUP
WINTE|Winter's Hotels
WORLD|WORLD HOTELS
WRHOT|WR HOTELS
WUAU|WUAU
WWOND|WORLD OF WONDERS
WYNDH|WYNDHAM
XCLUS|Xclusive Group of Hotels
XEN|XEN HOTEL AND RESORTS
XPERI|XPERIENCE HOTELS
XWELL|
YADIS|Yadis
YELL|YELLOWSTONE CLUB WORLD
YELLO|YELLOW HOTELS
YMCA|YMCA GUEST ROOMS
YOPAR|YOPARK SERVICED APARTMENT GROUP
YOUTH|SCOTTISH YOUTH HOTELS
YTC|YTC HOTELS
YTL|YTL HOTEL & PROPERTIES
YUTHA|Yuthaporn Development Group
YWCA|YWCA
ZDRO|ZDROJOWA HOTELS
ZENIT|ZENIT
ZERCA|ZERCA HOTELES
ZIIHO|
ZINCL|ZINCLN VISION HOPITALITY
ZLEEP|ZLEEP HOTELS
ZON|THE ZON HOTELS & SUITES
ZT|ZT HOTELS
ZTUDE|Zenitude
ZURI|THE ZURI HOTELS & RESORTS PVT LTD